Date,Treatment,Nest,Time,Order,Size,Code,# Seen,Notes,Interval
08-Jul-18,Control,Ex_01,12:58,NA,NA,H,NA,,NA
08-Jul-18,Control,Ex_01,12:58,NA,NA,C,NA,,NA
08-Jul-18,Control,Ex_01,12:58,NA,NA,K,NA,,NA
08-Jul-18,Control,Ex_01,14:55,NA,NA,K,10,,2
08-Jul-18,Control,Ex_01,14:55,NA,NA,C,1,,2
08-Jul-18,Control,Ex_01,14:55,Coleoptera,4,H,NA,,2
08-Jul-18,Control,Ex_01,16:40,NA,NA,C,2,,2
08-Jul-18,Control,Ex_01,16:40,Coleoptera,3,K,10,,2
08-Jul-18,Control,Ex_01,16:40,NA,NA,H,NA,,2
09-Jul-18,Control,Ex_01,8:59,NA,NA,C,2,,NA
09-Jul-18,Control,Ex_01,8:59,NA,NA,K,8,,NA
09-Jul-18,Control,Ex_01,8:59,Coleoptera,12,H,NA,,NA
09-Jul-18,Control,Ex_01,10:52,NA,NA,C,2,,2
09-Jul-18,Control,Ex_01,10:52,NA,NA,K,10,,2
09-Jul-18,Control,Ex_01,10:52,NA,NA,H,NA,,2
09-Jul-18,Control,Ex_01,12:52,NA,NA,C,1,,2
09-Jul-18,Control,Ex_01,12:52,Hymenoptera,3,K,7,Neospintharus,2
09-Jul-18,Control,Ex_01,12:52,NA,NA,H,NA,,2
09-Jul-18,Control,Ex_01,17:00,NA,NA,C,0,,NA
09-Jul-18,Control,Ex_01,17:00,NA,NA,K,8,,NA
09-Jul-18,Control,Ex_01,17:00,NA,NA,H,NA,,NA
09-Jul-18,Control,Ex_01,19:01,NA,NA,C,3,,2
09-Jul-18,Control,Ex_01,19:01,NA,NA,K,2,,2
09-Jul-18,Control,Ex_01,19:01,Lepidoptera,11,H,NA,headlamp catch,2
09-Jul-18,Control,Ex_01,21:04,NA,NA,C,0,,2
09-Jul-18,Control,Ex_01,21:04,NA,NA,K,3,,2
09-Jul-18,Control,Ex_01,21:04,Coleoptera,11,H,NA,,2
10-Jul-18,Control,Ex_01,4:55,NA,NA,C,2,,NA
10-Jul-18,Control,Ex_01,4:55,NA,NA,K,8,,NA
10-Jul-18,Control,Ex_01,4:55,Coleoptera,12,H,NA,,NA
10-Jul-18,Control,Ex_01,6:50,NA,NA,C,0,,2
10-Jul-18,Control,Ex_01,6:50,NA,NA,K,7,,2
10-Jul-18,Control,Ex_01,6:50,Coleoptera,10,H,NA,,2
10-Jul-18,Control,Ex_01,8:45,NA,NA,C,0,,2
10-Jul-18,Control,Ex_01,8:45,NA,NA,K,9,,2
10-Jul-18,Control,Ex_01,8:45,NA,NA,H,NA,,2
11-Jul-18,Control,Ex_01,21:00,NA,NA,C,1,,NA
11-Jul-18,Control,Ex_01,21:00,NA,NA,K,4,,NA
11-Jul-18,Control,Ex_01,21:00,Hemiptera,12,H,NA,,NA
11-Jul-18,Control,Ex_01,22:55,NA,NA,C,0,,2
11-Jul-18,Control,Ex_01,22:55,NA,NA,K,8,,2
11-Jul-18,Control,Ex_01,22:55,NA,NA,H,NA,,2
25-Jul-18,Experimental,Ex_01,13:16,NA,NA,H,NA,,2
25-Jul-18,Experimental,Ex_01,14:51,NA,NA,H,NA,,2
25-Jul-18,Experimental,Ex_01,16:44,NA,NA,H,NA,,2
28-Jul-18,Experimental,Ex_01,9:00,NA,NA,H,NA,,NA
28-Jul-18,Experimental,Ex_01,10:46,NA,NA,H,NA,,2
28-Jul-18,Experimental,Ex_01,12:41,Coleoptera,3,H,NA,,NA
28-Jul-18,Experimental,Ex_01,20:47,Hemiptera,10,H,NA,,NA
28-Jul-18,Experimental,Ex_01,20:47,Hemiptera,9,H,NA,,NA
28-Jul-18,Experimental,Ex_01,22:45,NA,NA,H,NA,,2
29-Jul-18,Experimental,Ex_01,0:46,NA,NA,H,NA,,2
29-Jul-18,Experimental,Ex_01,16:44,Coleoptera,8,H,NA,,NA
29-Jul-18,Experimental,Ex_01,18:45,Orthoptera,5,H,NA,,2
29-Jul-18,Experimental,Ex_01,20:31,NA,NA,H,NA,,2
08-Jul-18,Control,Ex_02,12:52,NA,NA,K,NA,,NA
08-Jul-18,Control,Ex_02,12:52,NA,NA,H,NA,,NA
08-Jul-18,Control,Ex_02,12:52,NA,NA,C,0,,NA
08-Jul-18,Control,Ex_02,14:48,NA,NA,K,1,,2
08-Jul-18,Control,Ex_02,14:48,NA,NA,C,0,,2
08-Jul-18,Control,Ex_02,14:48,NA,NA,H,NA,,2
08-Jul-18,Control,Ex_02,16:36,NA,NA,C,0,,2
08-Jul-18,Control,Ex_02,16:36,NA,NA,K,1,,2
08-Jul-18,Control,Ex_02,16:36,NA,NA,H,NA,,2
09-Jul-18,Control,Ex_02,8:51,NA,NA,C,0,,NA
09-Jul-18,Control,Ex_02,8:51,NA,NA,K,1,,NA
09-Jul-18,Control,Ex_02,8:51,NA,NA,H,NA,,NA
09-Jul-18,Control,Ex_02,10:45,NA,NA,C,0,,2
09-Jul-18,Control,Ex_02,10:45,NA,NA,K,1,,2
09-Jul-18,Control,Ex_02,10:45,NA,NA,H,NA,,2
09-Jul-18,Control,Ex_02,12:45,NA,NA,C,0,,2
09-Jul-18,Control,Ex_02,12:45,NA,NA,K,1,,2
09-Jul-18,Control,Ex_02,12:45,NA,NA,H,NA,,2
09-Jul-18,Control,Ex_02,16:54,NA,NA,C,1,,NA
09-Jul-18,Control,Ex_02,16:54,NA,NA,K,1,,NA
09-Jul-18,Control,Ex_02,16:54,NA,NA,H,NA,,NA
09-Jul-18,Control,Ex_02,18:55,NA,NA,C,0,,2
09-Jul-18,Control,Ex_02,18:55,NA,NA,K,1,,2
09-Jul-18,Control,Ex_02,18:55,NA,NA,H,NA,,2
09-Jul-18,Control,Ex_02,20:57,Unknown,2,K,2,white and red tiny tot,2
09-Jul-18,Control,Ex_02,20:57,NA,NA,C,0,,2
09-Jul-18,Control,Ex_02,20:57,NA,NA,H,NA,,2
10-Jul-18,Control,Ex_02,4:48,NA,NA,C,2,,NA
10-Jul-18,Control,Ex_02,4:48,NA,NA,K,1,,NA
10-Jul-18,Control,Ex_02,4:48,NA,NA,H,NA,,NA
10-Jul-18,Control,Ex_02,6:45,NA,NA,C,0,,2
10-Jul-18,Control,Ex_02,6:45,NA,NA,K,2,,2
10-Jul-18,Control,Ex_02,6:45,NA,NA,H,NA,,2
10-Jul-18,Control,Ex_02,8:40,NA,NA,C,0,,2
10-Jul-18,Control,Ex_02,8:40,NA,NA,K,1,,2
10-Jul-18,Control,Ex_02,8:40,NA,NA,H,NA,,2
11-Jul-18,Control,Ex_02,20:55,NA,NA,C,2,,NA
11-Jul-18,Control,Ex_02,20:55,NA,NA,K,1,,NA
11-Jul-18,Control,Ex_02,20:55,NA,NA,H,NA,,NA
11-Jul-18,Control,Ex_02,22:50,NA,NA,C,2,,2
11-Jul-18,Control,Ex_02,22:50,NA,NA,K,1,,2
11-Jul-18,Control,Ex_02,22:50,NA,NA,H,NA,,2
25-Jul-18,Experimental,Ex_02,13:01,NA,NA,H,NA,,2
25-Jul-18,Experimental,Ex_02,14:46,NA,NA,H,NA,,2
25-Jul-18,Experimental,Ex_02,16:39,NA,NA,H,NA,,2
28-Jul-18,Experimental,Ex_02,8:51,NA,NA,H,NA,,NA
28-Jul-18,Experimental,Ex_02,10:40,NA,NA,H,NA,,2
28-Jul-18,Experimental,Ex_02,12:36,NA,NA,H,NA,,2
28-Jul-18,Experimental,Ex_02,20:41,NA,NA,H,NA,,NA
28-Jul-18,Experimental,Ex_02,22:40,NA,NA,H,NA,,2
29-Jul-18,Experimental,Ex_02,0:42,NA,NA,H,NA,,2
29-Jul-18,Experimental,Ex_02,16:39,NA,NA,H,NA,,NA
29-Jul-18,Experimental,Ex_02,18:40,NA,NA,H,NA,,2
29-Jul-18,Experimental,Ex_02,20:31,NA,NA,H,NA,,2
08-Jul-18,Control,Ex_03,12:53,NA,NA,K,NA,,NA
08-Jul-18,Control,Ex_03,12:53,NA,NA,C,NA,,NA
08-Jul-18,Control,Ex_03,12:53,Hymenoptera,18,H,NA,,NA
08-Jul-18,Control,Ex_03,14:49,NA,NA,K,2,,2
08-Jul-18,Control,Ex_03,14:49,NA,NA,C,2,,2
08-Jul-18,Control,Ex_03,14:49,NA,NA,H,NA,,2
08-Jul-18,Control,Ex_03,16:37,NA,NA,C,4,,2
08-Jul-18,Control,Ex_03,16:37,NA,NA,K,1,,2
08-Jul-18,Control,Ex_03,16:37,NA,NA,H,NA,,2
09-Jul-18,Control,Ex_03,8:52,NA,NA,C,2,,NA
09-Jul-18,Control,Ex_03,8:52,NA,NA,K,1,,NA
09-Jul-18,Control,Ex_03,8:52,NA,NA,H,NA,,NA
09-Jul-18,Control,Ex_03,10:46,NA,NA,C,1,,2
09-Jul-18,Control,Ex_03,10:46,NA,NA,K,1,,2
09-Jul-18,Control,Ex_03,10:46,NA,NA,H,NA,,2
09-Jul-18,Control,Ex_03,12:46,Diptera,2,C,2,,2
09-Jul-18,Control,Ex_03,12:46,NA,NA,K,1,,2
09-Jul-18,Control,Ex_03,12:46,NA,NA,H,NA,parasitoid adult seen,2
09-Jul-18,Control,Ex_03,16:55,NA,NA,C,1,,NA
09-Jul-18,Control,Ex_03,16:55,NA,NA,K,1,,NA
09-Jul-18,Control,Ex_03,16:55,NA,NA,H,NA,,NA
09-Jul-18,Control,Ex_03,18:56,NA,NA,C,1,,2
09-Jul-18,Control,Ex_03,18:56,NA,NA,K,1,,2
09-Jul-18,Control,Ex_03,18:56,NA,NA,H,NA,,2
09-Jul-18,Control,Ex_03,20:58,NA,NA,C,2,,2
09-Jul-18,Control,Ex_03,20:58,NA,NA,K,0,,2
09-Jul-18,Control,Ex_03,20:58,NA,NA,H,NA,,2
10-Jul-18,Control,Ex_03,4:49,NA,NA,C,2,,NA
10-Jul-18,Control,Ex_03,4:49,NA,NA,K,0,,NA
10-Jul-18,Control,Ex_03,4:49,NA,NA,H,NA,,NA
10-Jul-18,Control,Ex_03,6:46,NA,NA,C,2,,2
10-Jul-18,Control,Ex_03,6:46,NA,NA,K,0,,2
10-Jul-18,Control,Ex_03,6:46,NA,NA,H,NA,,2
10-Jul-18,Control,Ex_03,8:41,NA,NA,C,2,,2
10-Jul-18,Control,Ex_03,8:41,NA,NA,K,0,,2
10-Jul-18,Control,Ex_03,8:41,NA,NA,H,NA,,2
11-Jul-18,Control,Ex_03,20:56,Coleoptera,2,C,3,,NA
11-Jul-18,Control,Ex_03,20:56,NA,NA,K,0,,NA
11-Jul-18,Control,Ex_03,20:56,NA,NA,H,NA,,NA
11-Jul-18,Control,Ex_03,22:51,NA,NA,C,2,,2
11-Jul-18,Control,Ex_03,22:51,NA,NA,K,0,,2
11-Jul-18,Control,Ex_03,22:51,NA,NA,H,NA,,2
25-Jul-18,Experimental,Ex_03,13:04,NA,NA,H,NA,,NA
25-Jul-18,Experimental,Ex_03,14:46,NA,NA,H,NA,,2
25-Jul-18,Experimental,Ex_03,16:39,NA,NA,H,NA,,2
28-Jul-18,Experimental,Ex_03,8:52,NA,NA,H,NA,,NA
28-Jul-18,Experimental,Ex_03,10:40,NA,NA,H,NA,,2
28-Jul-18,Experimental,Ex_03,12:37,NA,NA,H,NA,,2
28-Jul-18,Experimental,Ex_03,20:42,NA,NA,H,NA,,NA
28-Jul-18,Experimental,Ex_03,22:41,NA,NA,H,NA,,2
29-Jul-18,Experimental,Ex_03,0:43,NA,NA,H,NA,,2
29-Jul-18,Experimental,Ex_03,16:39,NA,NA,H,NA,,NA
29-Jul-18,Experimental,Ex_03,18:40,NA,NA,H,NA,,2
29-Jul-18,Experimental,Ex_03,20:31,NA,NA,H,NA,,2
08-Jul-18,Control,Ex_04,12:20,NA,NA,C,NA,,NA
08-Jul-18,Control,Ex_04,12:20,NA,NA,K,NA,,NA
08-Jul-18,Control,Ex_04,12:20,NA,NA,H,NA,,NA
08-Jul-18,Control,Ex_04,14:10,NA,NA,C,10,,2
08-Jul-18,Control,Ex_04,14:10,NA,NA,K,1,,2
08-Jul-18,Control,Ex_04,14:10,Hymenoptera,3,H,NA,,2
08-Jul-18,Control,Ex_04,16:04,NA,NA,C,14,,2
08-Jul-18,Control,Ex_04,16:04,NA,NA,K,2,,2
08-Jul-18,Control,Ex_04,16:04,NA,NA,H,NA,one parasitized,2
09-Jul-18,Control,Ex_04,8:12,NA,NA,C,10,,NA
09-Jul-18,Control,Ex_04,8:12,NA,NA,K,8,,NA
09-Jul-18,Control,Ex_04,8:12,NA,NA,H,NA,,NA
09-Jul-18,Control,Ex_04,10:11,NA,NA,C,15,,2
09-Jul-18,Control,Ex_04,10:11,NA,NA,K,7,,2
09-Jul-18,Control,Ex_04,10:11,NA,NA,H,NA,,2
09-Jul-18,Control,Ex_04,12:10,NA,NA,C,3,,2
09-Jul-18,Control,Ex_04,12:10,NA,NA,K,5,,2
09-Jul-18,Control,Ex_04,12:10,NA,NA,H,NA,,2
09-Jul-18,Control,Ex_04,16:15,Unknown,1,C,19,Uloboridae,NA
09-Jul-18,Control,Ex_04,16:15,Unknown,2,C,NA,Uloboridae,NA
09-Jul-18,Control,Ex_04,16:15,Unknown,1,C,NA,Uloboridae,NA
09-Jul-18,Control,Ex_04,16:15,Unknown,1,C,NA,Uloboridae,NA
09-Jul-18,Control,Ex_04,16:15,NA,NA,K,5,,NA
09-Jul-18,Control,Ex_04,16:15,Coleoptera,1,H,NA,,NA
09-Jul-18,Control,Ex_04,18:15,NA,NA,C,14,,2
09-Jul-18,Control,Ex_04,18:15,NA,NA,K,6,,2
09-Jul-18,Control,Ex_04,18:15,Lepidoptera,9,H,NA,,2
09-Jul-18,Control,Ex_04,20:19,NA,NA,C,13,,2
09-Jul-18,Control,Ex_04,20:19,NA,NA,K,4,,2
09-Jul-18,Control,Ex_04,20:19,NA,NA,H,NA,,2
10-Jul-18,Control,Ex_04,4:11,NA,NA,C,16,,NA
10-Jul-18,Control,Ex_04,4:11,NA,NA,K,3,,NA
10-Jul-18,Control,Ex_04,4:11,NA,NA,H,NA,,NA
10-Jul-18,Control,Ex_04,6:10,NA,NA,C,12,,2
10-Jul-18,Control,Ex_04,6:10,NA,NA,K,6,,2
10-Jul-18,Control,Ex_04,6:10,NA,NA,H,NA,,2
10-Jul-18,Control,Ex_04,8:10,Coleoptera,1,C,16,,2
10-Jul-18,Control,Ex_04,8:10,NA,NA,K,6,,2
10-Jul-18,Control,Ex_04,8:10,NA,NA,H,NA,,2
11-Jul-18,Control,Ex_04,20:17,NA,NA,C,15,,NA
11-Jul-18,Control,Ex_04,20:17,NA,NA,K,2,,NA
11-Jul-18,Control,Ex_04,20:17,NA,NA,H,NA,3 parasitized seen,NA
11-Jul-18,Control,Ex_04,22:15,NA,NA,C,14,,2
11-Jul-18,Control,Ex_04,22:15,NA,NA,K,2,,2
11-Jul-18,Control,Ex_04,22:15,NA,NA,H,NA,,2
12-Jul-18,Control,Ex_04,0:10,NA,NA,C,18,,2
12-Jul-18,Control,Ex_04,0:10,NA,NA,K,2,,2
12-Jul-18,Control,Ex_04,0:10,NA,NA,H,NA,,2
25-Jul-18,Experimental,Ex_04,12:20,Hymenoptera,8,H,NA,,NA
25-Jul-18,Experimental,Ex_04,12:20,Hemiptera,4,H,NA,,NA
25-Jul-18,Experimental,Ex_04,14:14,NA,NA,H,NA,,2
25-Jul-18,Experimental,Ex_04,16:10,NA,NA,H,NA,,2
28-Jul-18,Experimental,Ex_04,8:17,Diptera,8,H,NA,,NA
28-Jul-18,Experimental,Ex_04,10:10,NA,NA,H,NA,,2
28-Jul-18,Experimental,Ex_04,12:08,NA,NA,H,NA,,2
28-Jul-18,Experimental,Ex_04,20:07,Coleoptera,12,H,NA,,NA
28-Jul-18,Experimental,Ex_04,22:08,Coleoptera,2,H,NA,,2
29-Jul-18,Experimental,Ex_04,0:09,NA,NA,H,NA,,2
29-Jul-18,Experimental,Ex_04,16:06,NA,NA,H,NA,,NA
29-Jul-18,Experimental,Ex_04,18:08,Hemiptera,7,H,NA,,2
29-Jul-18,Experimental,Ex_04,18:08,Hymenoptera,4,H,NA,,2
29-Jul-18,Experimental,Ex_04,20:03,NA,NA,H,NA,,2
08-Jul-18,Control,Ex_05,12:20,NA,NA,C,NA,,NA
08-Jul-18,Control,Ex_05,12:20,NA,NA,K,NA,,NA
08-Jul-18,Control,Ex_05,12:20,NA,NA,H,NA,,NA
08-Jul-18,Control,Ex_05,14:21,NA,NA,C,1,,2
08-Jul-18,Control,Ex_05,14:21,NA,NA,K,2,,2
08-Jul-18,Control,Ex_05,14:21,NA,NA,H,NA,,2
08-Jul-18,Control,Ex_05,16:12,NA,NA,C,1,,2
08-Jul-18,Control,Ex_05,16:12,NA,NA,K,2,,2
08-Jul-18,Control,Ex_05,16:12,NA,NA,H,NA,,2
09-Jul-18,Control,Ex_05,8:21,NA,NA,C,1,,NA
09-Jul-18,Control,Ex_05,8:21,NA,NA,K,2,,NA
09-Jul-18,Control,Ex_05,8:21,NA,NA,H,NA,,NA
09-Jul-18,Control,Ex_05,10:22,NA,NA,C,1,,2
09-Jul-18,Control,Ex_05,10:22,NA,NA,K,2,,2
09-Jul-18,Control,Ex_05,10:22,NA,NA,H,NA,,2
09-Jul-18,Control,Ex_05,12:18,NA,NA,C,1,,2
09-Jul-18,Control,Ex_05,12:18,NA,NA,K,1,,2
09-Jul-18,Control,Ex_05,12:18,NA,NA,H,NA,,2
09-Jul-18,Control,Ex_05,16:26,NA,NA,C,1,,NA
09-Jul-18,Control,Ex_05,16:26,NA,NA,K,2,,NA
09-Jul-18,Control,Ex_05,16:26,Orthoptera,12,H,NA,,NA
09-Jul-18,Control,Ex_05,18:25,NA,NA,C,1,,2
09-Jul-18,Control,Ex_05,18:25,NA,NA,K,2,,2
09-Jul-18,Control,Ex_05,18:25,NA,NA,H,NA,,2
09-Jul-18,Control,Ex_05,20:30,NA,NA,C,1,,2
09-Jul-18,Control,Ex_05,20:30,NA,NA,K,1,,2
09-Jul-18,Control,Ex_05,20:30,NA,NA,H,NA,,2
10-Jul-18,Control,Ex_05,4:20,NA,NA,C,1,,NA
10-Jul-18,Control,Ex_05,4:20,NA,NA,K,1,,NA
10-Jul-18,Control,Ex_05,4:20,NA,NA,H,NA,,NA
10-Jul-18,Control,Ex_05,6:19,NA,NA,C,1,,2
10-Jul-18,Control,Ex_05,6:19,NA,NA,K,1,,2
10-Jul-18,Control,Ex_05,6:19,NA,NA,H,NA,,2
10-Jul-18,Control,Ex_05,8:18,NA,NA,C,1,,2
10-Jul-18,Control,Ex_05,8:18,NA,NA,K,1,,2
10-Jul-18,Control,Ex_05,8:18,NA,NA,H,NA,,2
11-Jul-18,Control,Ex_05,20:27,NA,NA,C,0,,NA
11-Jul-18,Control,Ex_05,20:27,NA,NA,K,1,,NA
11-Jul-18,Control,Ex_05,20:27,Orthoptera,11,H,NA,,NA
11-Jul-18,Control,Ex_05,22:23,NA,NA,C,5,,2
11-Jul-18,Control,Ex_05,22:23,NA,NA,K,1,,2
11-Jul-18,Control,Ex_05,22:23,Hymenoptera,13,H,NA,headlamp catch,2
25-Jul-18,Experimental,Ex_05,12:30,Hymenoptera,7,H,NA,,NA
25-Jul-18,Experimental,Ex_05,12:30,Hymenoptera,4,H,NA,,NA
25-Jul-18,Experimental,Ex_05,14:23,NA,NA,H,NA,,2
25-Jul-18,Experimental,Ex_05,16:16,NA,NA,H,NA,,2
28-Jul-18,Experimental,Ex_05,8:26,NA,NA,H,NA,nest moved and half the size,NA
28-Jul-18,Experimental,Ex_05,10:16,NA,NA,H,NA,,2
28-Jul-18,Experimental,Ex_05,12:15,NA,NA,H,NA,,2
28-Jul-18,Experimental,Ex_05,20:15,Diptera,3,H,NA,,NA
28-Jul-18,Experimental,Ex_05,22:15,Hemiptera,6,H,NA,,2
29-Jul-18,Experimental,Ex_05,0:16,NA,NA,H,NA,,2
29-Jul-18,Experimental,Ex_05,16:13,NA,NA,H,NA,,NA
29-Jul-18,Experimental,Ex_05,18:15,NA,NA,H,NA,,2
29-Jul-18,Experimental,Ex_05,20:08,NA,NA,H,NA,,2
08-Jul-18,Control,Ex_06,12:15,NA,NA,C,NA,didnêt record # seen until next round,NA
08-Jul-18,Control,Ex_06,12:15,NA,NA,K,NA,,NA
08-Jul-18,Control,Ex_06,12:15,NA,NA,H,NA,,NA
08-Jul-18,Control,Ex_06,14:02,NA,NA,C,5,,2
08-Jul-18,Control,Ex_06,14:02,Diptera,1,K,1,,2
08-Jul-18,Control,Ex_06,14:02,NA,NA,H,NA,,2
08-Jul-18,Control,Ex_06,15:54,Coleoptera,2,C,4,,2
08-Jul-18,Control,Ex_06,15:54,NA,NA,K,2,,2
08-Jul-18,Control,Ex_06,15:54,NA,NA,H,NA,,2
09-Jul-18,Control,Ex_06,7:59,NA,NA,C,2,,NA
09-Jul-18,Control,Ex_06,7:59,NA,NA,K,4,,NA
09-Jul-18,Control,Ex_06,7:59,NA,NA,H,NA,,NA
09-Jul-18,Control,Ex_06,10:00,Coleoptera,2,C,2,,2
09-Jul-18,Control,Ex_06,10:00,NA,NA,K,3,,2
09-Jul-18,Control,Ex_06,10:00,NA,NA,H,NA,,2
09-Jul-18,Control,Ex_06,12:00,NA,NA,C,2,,2
09-Jul-18,Control,Ex_06,12:00,NA,NA,K,2,,2
09-Jul-18,Control,Ex_06,12:00,Coleoptera,3,H,NA,,2
09-Jul-18,Control,Ex_06,16:04,NA,NA,C,2,,NA
09-Jul-18,Control,Ex_06,16:04,NA,NA,K,2,,NA
09-Jul-18,Control,Ex_06,16:04,Diptera,7,H,NA,,NA
09-Jul-18,Control,Ex_06,18:05,NA,NA,C,2,,2
09-Jul-18,Control,Ex_06,18:05,NA,NA,K,2,,2
09-Jul-18,Control,Ex_06,18:05,NA,NA,H,NA,,2
09-Jul-18,Control,Ex_06,20:05,NA,NA,C,1,,2
09-Jul-18,Control,Ex_06,20:05,NA,NA,K,3,,2
09-Jul-18,Control,Ex_06,20:05,Lepidoptera,7,H,NA,,2
10-Jul-18,Control,Ex_06,6:03,NA,NA,C,2,,NA
10-Jul-18,Control,Ex_06,6:03,NA,NA,K,3,,NA
10-Jul-18,Control,Ex_06,6:03,NA,NA,H,NA,,NA
10-Jul-18,Control,Ex_06,8:03,NA,NA,C,2,,2
10-Jul-18,Control,Ex_06,8:03,NA,NA,K,2,,2
10-Jul-18,Control,Ex_06,8:03,NA,NA,H,NA,,2
11-Jul-18,Control,Ex_06,20:04,NA,NA,C,3,,NA
11-Jul-18,Control,Ex_06,20:04,Unknown,1,K,2,Neospintharus,NA
11-Jul-18,Control,Ex_06,20:04,Orthoptera,11,H,NA,,NA
11-Jul-18,Control,Ex_06,22:05,NA,NA,C,2,,2
11-Jul-18,Control,Ex_06,22:05,Hymenoptera,1,K,2,,2
11-Jul-18,Control,Ex_06,22:05,NA,NA,H,NA,,2
12-Jul-18,Control,Ex_06,0:04,NA,NA,C,2,,2
12-Jul-18,Control,Ex_06,0:04,NA,NA,K,2,,2
12-Jul-18,Control,Ex_06,0:04,NA,NA,H,NA,,2
25-Jul-18,Experimental,Ex_06,12:04,NA,NA,H,NA,,NA
25-Jul-18,Experimental,Ex_06,14:07,NA,NA,H,NA,,2
25-Jul-18,Experimental,Ex_06,16:04,Coleoptera,13,H,NA,,2
28-Jul-18,Experimental,Ex_06,8:08,NA,NA,H,NA,,NA
28-Jul-18,Experimental,Ex_06,10:04,Unknown,1,H,NA,,2
28-Jul-18,Experimental,Ex_06,12:03,NA,NA,H,NA,,2
28-Jul-18,Experimental,Ex_06,20:01,NA,NA,H,NA,,NA
28-Jul-18,Experimental,Ex_06,22:03,NA,NA,H,NA,,2
29-Jul-18,Experimental,Ex_06,0:05,NA,NA,H,NA,,2
29-Jul-18,Experimental,Ex_06,16:00,NA,NA,H,NA,,NA
29-Jul-18,Experimental,Ex_06,18:05,NA,NA,H,NA,,2
29-Jul-18,Experimental,Ex_06,19:58,NA,NA,H,NA,,2
08-Jul-18,Control,Ex_07,12:17,NA,NA,C,NA,,NA
08-Jul-18,Control,Ex_07,12:17,NA,NA,K,NA,,NA
08-Jul-18,Control,Ex_07,12:17,NA,NA,H,NA,,NA
08-Jul-18,Control,Ex_07,14:04,NA,NA,C,0,,2
08-Jul-18,Control,Ex_07,14:04,NA,NA,K,2,,2
08-Jul-18,Control,Ex_07,14:04,NA,NA,H,NA,,2
08-Jul-18,Control,Ex_07,15:56,NA,NA,C,0,,2
08-Jul-18,Control,Ex_07,15:56,NA,NA,K,2,,2
08-Jul-18,Control,Ex_07,15:56,NA,NA,H,NA,,2
09-Jul-18,Control,Ex_07,8:01,NA,NA,C,0,,NA
09-Jul-18,Control,Ex_07,8:01,NA,NA,K,1,,NA
09-Jul-18,Control,Ex_07,8:01,Diptera,3,H,NA,,NA
09-Jul-18,Control,Ex_07,10:02,NA,NA,C,0,,2
09-Jul-18,Control,Ex_07,10:02,NA,NA,K,2,,2
09-Jul-18,Control,Ex_07,10:02,Unknown,2,H,NA,,2
09-Jul-18,Control,Ex_07,12:01,NA,NA,C,0,,2
09-Jul-18,Control,Ex_07,12:01,NA,NA,K,1,,2
09-Jul-18,Control,Ex_07,12:01,NA,NA,H,NA,,2
09-Jul-18,Control,Ex_07,16:06,NA,NA,C,0,,NA
09-Jul-18,Control,Ex_07,16:06,NA,NA,K,1,,NA
09-Jul-18,Control,Ex_07,16:06,NA,NA,H,NA,,NA
09-Jul-18,Control,Ex_07,18:07,NA,NA,C,0,,2
09-Jul-18,Control,Ex_07,18:07,NA,NA,K,1,,2
09-Jul-18,Control,Ex_07,18:07,NA,NA,H,NA,,2
09-Jul-18,Control,Ex_07,20:07,NA,NA,C,0,,2
09-Jul-18,Control,Ex_07,20:07,NA,NA,K,1,,2
09-Jul-18,Control,Ex_07,20:07,Diptera,1,H,NA,,2
09-Jul-18,Control,Ex_07,20:07,Coleoptera,1,H,NA,,2
10-Jul-18,Control,Ex_07,4:04,NA,NA,C,0,,NA
10-Jul-18,Control,Ex_07,4:04,NA,NA,K,1,,NA
10-Jul-18,Control,Ex_07,4:04,NA,NA,H,NA,,NA
10-Jul-18,Control,Ex_07,6:04,NA,NA,C,0,,2
10-Jul-18,Control,Ex_07,6:04,NA,NA,K,1,,2
10-Jul-18,Control,Ex_07,6:04,NA,NA,H,NA,,2
10-Jul-18,Control,Ex_07,8:04,NA,NA,C,0,,2
10-Jul-18,Control,Ex_07,8:04,NA,NA,K,2,,2
10-Jul-18,Control,Ex_07,8:04,NA,NA,H,NA,,2
11-Jul-18,Control,Ex_07,20:07,NA,NA,C,0,,NA
11-Jul-18,Control,Ex_07,20:07,NA,NA,K,1,,NA
11-Jul-18,Control,Ex_07,20:07,NA,NA,H,NA,,NA
11-Jul-18,Control,Ex_07,22:07,NA,NA,C,1,,2
11-Jul-18,Control,Ex_07,22:07,NA,NA,K,2,,2
11-Jul-18,Control,Ex_07,22:07,NA,NA,H,NA,,2
12-Jul-18,Control,Ex_07,0:05,NA,NA,C,1,,2
12-Jul-18,Control,Ex_07,0:05,NA,NA,K,1,,2
12-Jul-18,Control,Ex_07,0:05,NA,NA,H,NA,,2
25-Jul-18,Experimental,Ex_07,12:06,Hymenoptera,8,H,NA,,NA
25-Jul-18,Experimental,Ex_07,12:06,Hemiptera,11,H,NA,,NA
25-Jul-18,Experimental,Ex_07,14:07,Coleoptera,4,H,NA,,2
25-Jul-18,Experimental,Ex_07,16:05,NA,NA,H,NA,,2
28-Jul-18,Experimental,Ex_07,8:10,NA,NA,H,NA,,NA
28-Jul-18,Experimental,Ex_07,10:05,NA,NA,H,NA,,2
28-Jul-18,Experimental,Ex_07,12:04,Unknown,4,H,NA,,2
28-Jul-18,Experimental,Ex_07,20:02,NA,NA,H,NA,,NA
28-Jul-18,Experimental,Ex_07,22:04,NA,NA,H,NA,,2
29-Jul-18,Experimental,Ex_07,0:06,NA,NA,H,NA,,2
29-Jul-18,Experimental,Ex_07,16:00,Coleoptera,18,H,NA,Cerambycidae,NA
29-Jul-18,Experimental,Ex_07,18:05,NA,NA,H,NA,,2
29-Jul-18,Experimental,Ex_07,19:59,NA,NA,H,NA,,2
08-Jul-18,Control,Ex_09,12:37,Hymenoptera,20,K,NA,Faid. Red,NA
08-Jul-18,Control,Ex_09,12:37,NA,NA,H,NA,,NA
08-Jul-18,Control,Ex_09,12:37,NA,NA,C,NA,,NA
08-Jul-18,Control,Ex_09,14:32,NA,NA,C,0,,2
08-Jul-18,Control,Ex_09,14:32,NA,NA,K,16,,2
08-Jul-18,Control,Ex_09,14:32,NA,NA,H,NA,,2
08-Jul-18,Control,Ex_09,16:22,NA,NA,C,1,,2
08-Jul-18,Control,Ex_09,16:22,NA,NA,K,17,,2
08-Jul-18,Control,Ex_09,16:22,NA,NA,H,NA,,2
09-Jul-18,Control,Ex_09,8:32,NA,NA,C,NA,didnêt record # seen until next round,NA
09-Jul-18,Control,Ex_09,8:32,NA,NA,K,21,,NA
09-Jul-18,Control,Ex_09,8:32,Hymenoptera,4,H,NA,,NA
09-Jul-18,Control,Ex_09,8:32,Coleoptera,7,H,NA,,NA
09-Jul-18,Control,Ex_09,8:32,Coleoptera,3,H,NA,,NA
09-Jul-18,Control,Ex_09,10:31,NA,NA,C,0,,2
09-Jul-18,Control,Ex_09,10:31,NA,NA,K,20,,2
09-Jul-18,Control,Ex_09,10:31,Coleoptera,7,H,NA,,2
09-Jul-18,Control,Ex_09,12:27,NA,NA,C,1,,2
09-Jul-18,Control,Ex_09,12:27,Hymenoptera,1,K,15,,2
09-Jul-18,Control,Ex_09,12:27,Hymenoptera,5,H,NA,,2
09-Jul-18,Control,Ex_09,12:27,Hemiptera,10,H,NA,,2
09-Jul-18,Control,Ex_09,12:27,Diptera,11,H,NA,,2
09-Jul-18,Control,Ex_09,16:38,NA,NA,C,1,,NA
09-Jul-18,Control,Ex_09,16:38,NA,NA,K,16,,NA
09-Jul-18,Control,Ex_09,16:38,Hymenoptera,10,H,NA,,NA
09-Jul-18,Control,Ex_09,18:35,NA,NA,C,1,,2
09-Jul-18,Control,Ex_09,18:35,NA,NA,K,5,,2
09-Jul-18,Control,Ex_09,18:35,Diptera,9,H,NA,,2
09-Jul-18,Control,Ex_09,20:40,NA,NA,C,0,,2
09-Jul-18,Control,Ex_09,20:40,Unknown,1,K,6,Faid. Red,2
09-Jul-18,Control,Ex_09,20:40,Coleoptera,10,H,NA,,2
10-Jul-18,Control,Ex_09,4:32,NA,NA,C,1,,NA
10-Jul-18,Control,Ex_09,4:32,NA,NA,K,7,,NA
10-Jul-18,Control,Ex_09,4:32,Coleoptera,12,H,NA,,NA
10-Jul-18,Control,Ex_09,6:29,NA,NA,C,2,,2
10-Jul-18,Control,Ex_09,6:29,NA,NA,K,13,,2
10-Jul-18,Control,Ex_09,6:29,Coleoptera,9,H,NA,,2
10-Jul-18,Control,Ex_09,6:29,Hymenoptera,7,H,NA,,2
10-Jul-18,Control,Ex_09,8:27,NA,NA,C,0,,2
10-Jul-18,Control,Ex_09,8:27,NA,NA,K,15,,2
10-Jul-18,Control,Ex_09,8:27,Coleoptera,5,H,NA,,2
11-Jul-18,Control,Ex_09,20:38,NA,NA,C,0,,NA
11-Jul-18,Control,Ex_09,20:38,Unknown,1,K,9,Neospintharus,NA
11-Jul-18,Control,Ex_09,20:38,Diptera,1,H,NA,,NA
11-Jul-18,Control,Ex_09,20:38,Coleoptera,6,H,NA,,NA
11-Jul-18,Control,Ex_09,22:33,NA,NA,C,3,,2
11-Jul-18,Control,Ex_09,22:33,Unknown,1,K,12,Neospintharus,2
11-Jul-18,Control,Ex_09,22:33,Hymenoptera,1,K,NA,Faid. Red,2
11-Jul-18,Control,Ex_09,22:33,NA,NA,H,NA,,2
25-Jul-18,Experimental,Ex_09,12:46,NA,NA,H,NA,adult parasitoid seen,NA
25-Jul-18,Experimental,Ex_09,14:31,Coleoptera,14,H,NA,,2
25-Jul-18,Experimental,Ex_09,16:25,Hymenoptera,5,H,NA,,2
28-Jul-18,Experimental,Ex_09,8:39,NA,NA,H,NA,,NA
28-Jul-18,Experimental,Ex_09,10:26,NA,NA,H,NA,,2
28-Jul-18,Experimental,Ex_09,12:25,NA,NA,H,NA,,2
28-Jul-18,Experimental,Ex_09,20:28,Hymenoptera,6,H,NA,,NA
28-Jul-18,Experimental,Ex_09,20:28,Coleoptera,16,H,NA,,NA
28-Jul-18,Experimental,Ex_09,22:25,NA,NA,H,NA,,2
29-Jul-18,Experimental,Ex_09,0:27,Unknown,12,H,NA,,2
29-Jul-18,Experimental,Ex_09,16:23,NA,NA,H,NA,,NA
29-Jul-18,Experimental,Ex_09,18:25,Coleoptera,1,H,NA,,2
29-Jul-18,Experimental,Ex_09,20:18,NA,NA,H,NA,,2
08-Jul-18,Control,Ex_10,13:01,Coleoptera,2,C,NA,,NA
08-Jul-18,Control,Ex_10,13:01,NA,NA,K,NA,,NA
08-Jul-18,Control,Ex_10,13:01,Hemiptera,15,H,NA,,NA
08-Jul-18,Control,Ex_10,15:02,NA,NA,C,4,,2
08-Jul-18,Control,Ex_10,15:02,NA,NA,K,2,,2
08-Jul-18,Control,Ex_10,15:02,NA,NA,H,NA,,2
08-Jul-18,Control,Ex_10,16:50,NA,NA,C,5,,2
08-Jul-18,Control,Ex_10,16:50,NA,NA,K,2,,2
08-Jul-18,Control,Ex_10,16:50,Coleoptera,2,H,NA,,2
09-Jul-18,Control,Ex_10,9:04,NA,NA,C,6,,NA
09-Jul-18,Control,Ex_10,9:04,NA,NA,K,0,,NA
09-Jul-18,Control,Ex_10,9:04,NA,NA,H,NA,,NA
09-Jul-18,Control,Ex_10,10:59,NA,NA,C,7,,2
09-Jul-18,Control,Ex_10,10:59,NA,NA,K,0,,2
09-Jul-18,Control,Ex_10,10:59,NA,NA,H,NA,,2
09-Jul-18,Control,Ex_10,13:00,NA,NA,C,6,,2
09-Jul-18,Control,Ex_10,13:00,NA,NA,K,1,,2
09-Jul-18,Control,Ex_10,13:00,NA,NA,H,NA,,2
09-Jul-18,Control,Ex_10,17:06,NA,NA,C,3,,NA
09-Jul-18,Control,Ex_10,17:06,NA,NA,K,0,,NA
09-Jul-18,Control,Ex_10,17:06,NA,NA,H,NA,,NA
09-Jul-18,Control,Ex_10,19:10,NA,NA,C,3,,2
09-Jul-18,Control,Ex_10,19:10,NA,NA,K,1,,2
09-Jul-18,Control,Ex_10,19:10,NA,NA,H,NA,,2
09-Jul-18,Control,Ex_10,21:10,NA,NA,C,3,,2
09-Jul-18,Control,Ex_10,21:10,NA,NA,K,1,,2
09-Jul-18,Control,Ex_10,21:10,NA,NA,H,NA,,2
10-Jul-18,Control,Ex_10,5:01,NA,NA,C,2,,NA
10-Jul-18,Control,Ex_10,5:01,NA,NA,K,2,,NA
10-Jul-18,Control,Ex_10,5:01,NA,NA,H,NA,,NA
10-Jul-18,Control,Ex_10,6:55,NA,NA,C,3,,2
10-Jul-18,Control,Ex_10,6:55,NA,NA,K,1,,2
10-Jul-18,Control,Ex_10,6:55,NA,NA,H,NA,,2
10-Jul-18,Control,Ex_10,8:50,NA,NA,C,2,,2
10-Jul-18,Control,Ex_10,8:50,NA,NA,K,1,,2
10-Jul-18,Control,Ex_10,8:50,NA,NA,H,NA,,2
11-Jul-18,Control,Ex_10,21:08,NA,NA,C,2,,NA
11-Jul-18,Control,Ex_10,21:08,NA,NA,K,1,,NA
11-Jul-18,Control,Ex_10,21:08,NA,NA,H,NA,,NA
11-Jul-18,Control,Ex_10,23:00,NA,NA,C,2,,2
11-Jul-18,Control,Ex_10,23:00,Unknown,1,K,1,Neospintharus,2
11-Jul-18,Control,Ex_10,23:00,NA,NA,H,NA,,2
25-Jul-18,Experimental,Ex_10,13:20,NA,NA,H,NA,,NA
25-Jul-18,Experimental,Ex_10,14:55,Diptera,2,H,NA,,2
25-Jul-18,Experimental,Ex_10,16:48,NA,NA,H,NA,,2
28-Jul-18,Experimental,Ex_10,9:05,NA,NA,H,NA,,NA
28-Jul-18,Experimental,Ex_10,10:50,NA,NA,H,NA,,2
28-Jul-18,Experimental,Ex_10,12:46,NA,NA,H,NA,,2
28-Jul-18,Experimental,Ex_10,20:52,NA,NA,H,NA,,NA
28-Jul-18,Experimental,Ex_10,22:50,NA,NA,H,NA,,2
29-Jul-18,Experimental,Ex_10,0:50,NA,NA,H,NA,,2
29-Jul-18,Experimental,Ex_10,16:48,NA,NA,H,NA,,NA
29-Jul-18,Experimental,Ex_10,18:50,NA,NA,H,NA,,2
29-Jul-18,Experimental,Ex_10,20:38,NA,NA,H,NA,,2
08-Jul-18,Control,Ex_11,13:14,Coleoptera,3,C,NA,,NA
08-Jul-18,Control,Ex_11,13:14,Larva,3,C,NA,,NA
08-Jul-18,Control,Ex_11,13:14,NA,NA,K,NA,,NA
08-Jul-18,Control,Ex_11,13:14,Coleoptera,10,H,NA,,NA
08-Jul-18,Control,Ex_11,15:13,NA,NA,K,11,,2
08-Jul-18,Control,Ex_11,15:13,NA,NA,C,6,,2
08-Jul-18,Control,Ex_11,15:13,NA,NA,H,NA,,2
08-Jul-18,Control,Ex_11,16:59,NA,NA,C,3,,2
08-Jul-18,Control,Ex_11,16:59,NA,NA,K,7,,2
08-Jul-18,Control,Ex_11,16:59,Spider,3,H,NA,,2
09-Jul-18,Control,Ex_11,9:16,NA,NA,C,4,,NA
09-Jul-18,Control,Ex_11,9:16,NA,NA,K,5,,NA
09-Jul-18,Control,Ex_11,9:16,NA,NA,H,NA,,NA
09-Jul-18,Control,Ex_11,11:10,NA,NA,C,6,,2
09-Jul-18,Control,Ex_11,11:10,NA,NA,K,5,,2
09-Jul-18,Control,Ex_11,11:10,NA,NA,H,NA,,2
09-Jul-18,Control,Ex_11,13:10,NA,NA,C,4,,2
09-Jul-18,Control,Ex_11,13:10,NA,NA,K,4,,2
09-Jul-18,Control,Ex_11,13:10,NA,NA,H,NA,,2
09-Jul-18,Control,Ex_11,15:57,Unknown,3,C,7,Uloboridae,NA
09-Jul-18,Control,Ex_11,15:57,NA,NA,K,3,,NA
09-Jul-18,Control,Ex_11,15:57,NA,NA,H,NA,,NA
09-Jul-18,Control,Ex_11,17:57,NA,NA,C,4,,2
09-Jul-18,Control,Ex_11,17:57,NA,NA,K,2,,2
09-Jul-18,Control,Ex_11,17:57,NA,NA,H,NA,,2
09-Jul-18,Control,Ex_11,19:57,NA,NA,C,3,,2
09-Jul-18,Control,Ex_11,19:57,Unknown,2,K,2,Faid. Red,2
09-Jul-18,Control,Ex_11,19:57,NA,NA,H,NA,,2
10-Jul-18,Control,Ex_11,3:55,NA,NA,C,3,,NA
10-Jul-18,Control,Ex_11,3:55,NA,NA,K,3,,NA
10-Jul-18,Control,Ex_11,3:55,NA,NA,H,NA,,NA
10-Jul-18,Control,Ex_11,5:55,NA,NA,C,3,,2
10-Jul-18,Control,Ex_11,5:55,NA,NA,K,5,,2
10-Jul-18,Control,Ex_11,5:55,NA,NA,H,NA,,2
10-Jul-18,Control,Ex_11,7:55,NA,NA,C,3,,2
10-Jul-18,Control,Ex_11,7:55,NA,NA,K,4,,2
10-Jul-18,Control,Ex_11,7:55,Orthoptera,11,H,NA,,2
10-Jul-18,Control,Ex_11,7:55,Coleoptera,6,H,NA,,2
11-Jul-18,Control,Ex_11,19:57,NA,NA,C,5,,NA
11-Jul-18,Control,Ex_11,19:57,NA,NA,K,3,,NA
11-Jul-18,Control,Ex_11,19:57,NA,NA,H,NA,,NA
11-Jul-18,Control,Ex_11,21:59,NA,NA,C,3,,2
11-Jul-18,Control,Ex_11,21:59,NA,NA,K,3,,2
11-Jul-18,Control,Ex_11,21:59,NA,NA,H,NA,,2
11-Jul-18,Control,Ex_11,23:57,Coleoptera,1,C,6,,2
11-Jul-18,Control,Ex_11,23:57,NA,NA,K,2,,2
11-Jul-18,Control,Ex_11,23:57,NA,NA,H,NA,,2
25-Jul-18,Experimental,Ex_11,11:57,NA,NA,H,NA,,NA
25-Jul-18,Experimental,Ex_11,14:01,NA,NA,H,NA,,2
25-Jul-18,Experimental,Ex_11,15:59,NA,NA,H,NA,,2
28-Jul-18,Experimental,Ex_11,8:01,NA,NA,H,NA,,NA
28-Jul-18,Experimental,Ex_11,9:59,NA,NA,H,NA,,2
28-Jul-18,Experimental,Ex_11,11:57,NA,NA,H,NA,,2
28-Jul-18,Experimental,Ex_11,19:57,NA,NA,H,NA,,NA
28-Jul-18,Experimental,Ex_11,21:57,NA,NA,H,NA,,2
29-Jul-18,Experimental,Ex_11,0:00,NA,NA,H,NA,,2
29-Jul-18,Experimental,Ex_11,15:55,NA,NA,H,NA,,NA
29-Jul-18,Experimental,Ex_11,17:55,NA,NA,H,NA,collected nest,2
08-Jul-18,Control,Ex_12,12:19,Coleoptera,2,H,NA,,NA
08-Jul-18,Control,Ex_12,12:19,NA,NA,C,NA,,NA
08-Jul-18,Control,Ex_12,12:19,NA,NA,K,NA,,NA
08-Jul-18,Control,Ex_12,14:06,NA,NA,K,4,,2
08-Jul-18,Control,Ex_12,14:06,NA,NA,C,3,,2
08-Jul-18,Control,Ex_12,14:06,Hymenoptera,7,H,NA,,2
08-Jul-18,Control,Ex_12,15:57,NA,NA,C,2,,2
08-Jul-18,Control,Ex_12,15:57,NA,NA,K,2,,2
08-Jul-18,Control,Ex_12,15:57,Hymenoptera,11,H,NA,,2
09-Jul-18,Control,Ex_12,8:04,NA,NA,C,3,,NA
09-Jul-18,Control,Ex_12,8:04,NA,NA,K,4,,NA
09-Jul-18,Control,Ex_12,8:04,Orthoptera,30,H,NA,,NA
09-Jul-18,Control,Ex_12,8:04,Coleoptera,25,H,NA,,NA
09-Jul-18,Control,Ex_12,8:04,Hymenoptera,3,H,NA,,NA
09-Jul-18,Control,Ex_12,8:04,Hymenoptera,3,H,NA,,NA
09-Jul-18,Control,Ex_12,8:04,Hymenoptera,3,H,NA,,NA
09-Jul-18,Control,Ex_12,8:04,Hymenoptera,3,H,NA,,NA
09-Jul-18,Control,Ex_12,10:05,NA,NA,C,3,,2
09-Jul-18,Control,Ex_12,10:05,NA,NA,K,4,,2
09-Jul-18,Control,Ex_12,10:05,Hymenoptera,8,H,NA,,2
09-Jul-18,Control,Ex_12,10:05,Hymenoptera,6,H,NA,,2
09-Jul-18,Control,Ex_12,12:05,NA,NA,C,8,,2
09-Jul-18,Control,Ex_12,12:05,NA,NA,K,4,,2
09-Jul-18,Control,Ex_12,12:05,Coleoptera,10,H,NA,,2
09-Jul-18,Control,Ex_12,12:05,Hymenoptera,10,H,NA,,2
09-Jul-18,Control,Ex_12,16:09,Coleoptera,1,C,3,,NA
09-Jul-18,Control,Ex_12,16:09,NA,NA,K,4,,NA
09-Jul-18,Control,Ex_12,16:09,NA,NA,H,NA,,NA
09-Jul-18,Control,Ex_12,16:09,Coleoptera,2,C,NA,,NA
09-Jul-18,Control,Ex_12,18:10,NA,NA,C,5,,2
09-Jul-18,Control,Ex_12,18:10,NA,NA,K,2,,2
09-Jul-18,Control,Ex_12,18:10,NA,NA,H,NA,,2
09-Jul-18,Control,Ex_12,20:09,NA,NA,C,1,,2
09-Jul-18,Control,Ex_12,20:09,NA,NA,K,146,egg sac eclosed,2
09-Jul-18,Control,Ex_12,20:09,NA,NA,H,NA,,2
10-Jul-18,Control,Ex_12,4:05,NA,NA,C,3,,NA
10-Jul-18,Control,Ex_12,4:05,NA,NA,K,4,,NA
10-Jul-18,Control,Ex_12,4:05,NA,NA,H,NA,,NA
10-Jul-18,Control,Ex_12,6:05,NA,NA,C,5,,2
10-Jul-18,Control,Ex_12,6:05,NA,NA,K,4,,2
10-Jul-18,Control,Ex_12,6:05,NA,NA,H,NA,,2
10-Jul-18,Control,Ex_12,8:05,NA,NA,C,4,,2
10-Jul-18,Control,Ex_12,8:05,NA,NA,K,2,,2
10-Jul-18,Control,Ex_12,8:05,NA,NA,H,NA,,2
11-Jul-18,Control,Ex_12,20:10,NA,NA,C,6,,NA
11-Jul-18,Control,Ex_12,20:10,NA,NA,K,2,,NA
11-Jul-18,Control,Ex_12,20:10,Coleoptera,12,H,NA,,NA
11-Jul-18,Control,Ex_12,20:10,Coleoptera,1,H,NA,,NA
11-Jul-18,Control,Ex_12,20:10,Orthoptera,10,H,NA,,NA
11-Jul-18,Control,Ex_12,20:10,Hymenoptera,2,H,NA,,NA
11-Jul-18,Control,Ex_12,22:08,Coleoptera,1,C,10,,2
11-Jul-18,Control,Ex_12,22:08,NA,NA,K,2,,2
11-Jul-18,Control,Ex_12,22:08,Hymenoptera,2,H,NA,,2
11-Jul-18,Control,Ex_12,22:08,Orthoptera,10,H,NA,,2
12-Jul-18,Control,Ex_12,0:06,NA,NA,C,8,,2
12-Jul-18,Control,Ex_12,0:06,NA,NA,K,2,,2
12-Jul-18,Control,Ex_12,0:06,NA,NA,H,NA,,2
25-Jul-18,Experimental,Ex_12,12:10,Hymenoptera,13,H,NA,,NA
25-Jul-18,Experimental,Ex_12,12:10,Hymenoptera,6,H,NA,,NA
25-Jul-18,Experimental,Ex_12,14:09,Coleoptera,1,H,NA,,2
25-Jul-18,Experimental,Ex_12,16:06,Hymenoptera,5,H,NA,,2
28-Jul-18,Experimental,Ex_12,8:13,NA,NA,H,NA,,NA
28-Jul-18,Experimental,Ex_12,10:08,NA,NA,H,NA,,2
28-Jul-18,Experimental,Ex_12,12:06,NA,NA,H,NA,,2
28-Jul-18,Experimental,Ex_12,20:04,NA,NA,H,NA,,NA
28-Jul-18,Experimental,Ex_12,22:06,Coleoptera,2,H,NA,,2
29-Jul-18,Experimental,Ex_12,0:07,NA,NA,H,NA,,2
29-Jul-18,Experimental,Ex_12,16:02,Coleoptera,4,H,NA,,NA
29-Jul-18,Experimental,Ex_12,18:06,NA,NA,H,NA,,2
29-Jul-18,Experimental,Ex_12,20:00,NA,NA,H,NA,,2
10-Jul-18,Control,Ex_06,4:03,NA,NA,C,2,,NA
10-Jul-18,Control,Ex_06,4:03,NA,NA,K,2,,NA
10-Jul-18,Control,Ex_06,4:03,NA,NA,H,NA,,NA
18-Jul-18,Control,Iy_01,7:57,NA,NA,C,1,,NA
18-Jul-18,Control,Iy_01,7:57,NA,NA,K,5,,NA
18-Jul-18,Control,Iy_01,7:57,Larva,3,H,NA,,NA
18-Jul-18,Control,Iy_01,7:57,Larva,3,H,NA,,NA
18-Jul-18,Control,Iy_01,7:57,Larva,3,H,NA,,NA
18-Jul-18,Control,Iy_01,7:57,Larva,3,H,NA,,NA
18-Jul-18,Control,Iy_01,9:55,NA,NA,C,2,,2
18-Jul-18,Control,Iy_01,9:55,NA,NA,K,7,,2
18-Jul-18,Control,Iy_01,9:55,NA,NA,H,NA,,2
18-Jul-18,Control,Iy_01,11:55,Coleoptera,2,C,5,,2
18-Jul-18,Control,Iy_01,11:55,NA,NA,K,8,,2
18-Jul-18,Control,Iy_01,11:55,Diptera,6,H,NA,,2
18-Jul-18,Control,Iy_01,13:57,Unknown,1,C,3,,2
18-Jul-18,Control,Iy_01,13:57,Diptera,7,K,7,,2
18-Jul-18,Control,Iy_01,13:57,Hymenoptera,7,H,NA,,2
18-Jul-18,Control,Iy_01,15:59,NA,NA,C,4,,2
18-Jul-18,Control,Iy_01,15:59,NA,NA,K,4,,2
18-Jul-18,Control,Iy_01,15:59,NA,NA,H,NA,,2
18-Jul-18,Control,Iy_01,20:20,Diptera,6,C,5,,NA
18-Jul-18,Control,Iy_01,20:20,NA,NA,K,5,,NA
18-Jul-18,Control,Iy_01,20:20,NA,NA,H,NA,,NA
18-Jul-18,Control,Iy_01,20:20,Unknown,1,C,NA,,NA
18-Jul-18,Control,Iy_01,20:20,Coleoptera,2,C,NA,,NA
18-Jul-18,Control,Iy_01,22:06,Unknown,1,C,5,,2
18-Jul-18,Control,Iy_01,22:06,NA,NA,K,6,,2
18-Jul-18,Control,Iy_01,22:06,NA,NA,H,NA,,2
19-Jul-18,Control,Iy_01,0:01,NA,NA,C,7,,2
19-Jul-18,Control,Iy_01,0:01,NA,NA,K,2,,2
19-Jul-18,Control,Iy_01,0:01,Coleoptera,2,H,NA,,2
19-Jul-18,Control,Iy_01,3:55,NA,NA,C,3,,NA
19-Jul-18,Control,Iy_01,3:55,NA,NA,K,6,,NA
19-Jul-18,Control,Iy_01,3:55,NA,NA,H,NA,,NA
19-Jul-18,Control,Iy_01,5:55,NA,NA,C,7,,2
19-Jul-18,Control,Iy_01,5:55,NA,NA,K,7,,2
19-Jul-18,Control,Iy_01,5:55,Unknown,1,H,NA,,2
19-Jul-18,Control,Iy_01,5:55,Unknown,1,H,NA,,2
19-Jul-18,Control,Iy_01,5:55,Coleoptera,3,H,NA,,2
19-Jul-18,Control,Iy_01,7:56,NA,NA,C,1,,2
19-Jul-18,Control,Iy_01,7:56,Diptera,2,K,3,,2
19-Jul-18,Control,Iy_01,7:56,Unknown,1,H,NA,,2
19-Jul-18,Control,Iy_01,16:00,NA,NA,C,6,,NA
19-Jul-18,Control,Iy_01,16:00,NA,NA,K,5,,NA
19-Jul-18,Control,Iy_01,16:00,NA,NA,H,NA,,NA
19-Jul-18,Control,Iy_01,17:58,NA,NA,C,1,,2
19-Jul-18,Control,Iy_01,17:58,NA,NA,K,6,,2
19-Jul-18,Control,Iy_01,17:58,NA,NA,H,NA,,2
19-Jul-18,Control,Iy_01,20:02,NA,NA,C,4,,2
19-Jul-18,Control,Iy_01,20:02,NA,NA,K,4,,2
19-Jul-18,Control,Iy_01,20:02,Diptera,6,H,NA,,2
30-Jul-18,Experimental,Iy_01,8:06,NA,NA,H,NA,collected nest,NA
18-Jul-18,Control,Iy_02,8:00,NA,NA,C,4,,NA
18-Jul-18,Control,Iy_02,8:00,NA,NA,K,5,,NA
18-Jul-18,Control,Iy_02,8:00,NA,NA,H,NA,,NA
18-Jul-18,Control,Iy_02,9:57,NA,NA,C,1,,2
18-Jul-18,Control,Iy_02,9:57,NA,NA,K,7,,2
18-Jul-18,Control,Iy_02,9:57,NA,NA,H,NA,,2
18-Jul-18,Control,Iy_02,11:56,NA,NA,C,1,,2
18-Jul-18,Control,Iy_02,11:56,Diptera,2,K,6,Faid. Red Male,2
18-Jul-18,Control,Iy_02,11:56,NA,NA,H,NA,,2
18-Jul-18,Control,Iy_02,14:00,NA,NA,C,2,,2
18-Jul-18,Control,Iy_02,14:00,NA,NA,K,5,,2
18-Jul-18,Control,Iy_02,14:00,NA,NA,H,NA,,2
18-Jul-18,Control,Iy_02,16:00,Diptera,1,C,2,,2
18-Jul-18,Control,Iy_02,16:00,Unknown,1,K,5,Neosp. Juv,2
18-Jul-18,Control,Iy_02,16:00,NA,NA,H,NA,,2
18-Jul-18,Control,Iy_02,20:22,NA,NA,C,3,,2
18-Jul-18,Control,Iy_02,20:22,NA,NA,K,3,,2
18-Jul-18,Control,Iy_02,20:22,Diptera,12,H,NA,,2
18-Jul-18,Control,Iy_02,22:08,Coleoptera,1,C,5,,2
18-Jul-18,Control,Iy_02,22:08,Unknown,1,C,NA,,2
18-Jul-18,Control,Iy_02,22:08,Diptera,1,K,2,Neosp. Juv,2
18-Jul-18,Control,Iy_02,22:08,Coleoptera,1,K,NA,,2
18-Jul-18,Control,Iy_02,22:08,Coleoptera,1,H,NA,,2
19-Jul-18,Control,Iy_02,0:03,NA,NA,C,2,,2
19-Jul-18,Control,Iy_02,0:03,NA,NA,K,0,,2
19-Jul-18,Control,Iy_02,0:03,NA,NA,H,NA,,2
19-Jul-18,Control,Iy_02,3:59,NA,NA,C,1,,NA
19-Jul-18,Control,Iy_02,3:59,NA,NA,K,7,,NA
19-Jul-18,Control,Iy_02,3:59,NA,NA,H,NA,,NA
19-Jul-18,Control,Iy_02,5:57,NA,NA,C,4,,2
19-Jul-18,Control,Iy_02,5:57,NA,NA,K,4,,2
19-Jul-18,Control,Iy_02,5:57,NA,NA,H,NA,,2
19-Jul-18,Control,Iy_02,7:58,Diptera,1,C,1,,2
19-Jul-18,Control,Iy_02,7:58,Unknown,1,K,4,,2
19-Jul-18,Control,Iy_02,7:58,NA,NA,H,NA,,2
19-Jul-18,Control,Iy_02,16:02,Unknown,1,C,4,,NA
19-Jul-18,Control,Iy_02,16:02,NA,NA,K,2,,NA
19-Jul-18,Control,Iy_02,16:02,NA,NA,H,NA,,NA
19-Jul-18,Control,Iy_02,18:00,Coleoptera,1,C,6,,2
19-Jul-18,Control,Iy_02,18:00,NA,NA,K,3,,2
19-Jul-18,Control,Iy_02,18:00,NA,NA,H,NA,,2
19-Jul-18,Control,Iy_02,20:04,NA,NA,C,4,,2
19-Jul-18,Control,Iy_02,20:04,NA,NA,K,2,,2
19-Jul-18,Control,Iy_02,20:04,NA,NA,H,NA,,2
30-Jul-18,Experimental,Iy_02,8:10,NA,NA,H,NA,,NA
30-Jul-18,Experimental,Iy_02,9:57,NA,NA,H,NA,,2
30-Jul-18,Experimental,Iy_02,11:57,NA,NA,H,NA,,2
30-Jul-18,Experimental,Iy_02,14:02,Coleoptera,2,H,NA,,2
30-Jul-18,Experimental,Iy_02,14:02,Diptera,6,H,NA,,2
30-Jul-18,Experimental,Iy_02,14:02,Diptera,7,H,NA,,2
30-Jul-18,Experimental,Iy_02,15:57,NA,NA,H,NA,,2
31-Jul-18,Experimental,Iy_02,15:57,NA,NA,H,NA,,NA
31-Jul-18,Experimental,Iy_02,18:04,NA,NA,H,NA,,2
31-Jul-18,Experimental,Iy_02,20:05,NA,NA,H,NA,,2
31-Jul-18,Experimental,Iy_02,21:58,NA,NA,H,NA,,2
31-Jul-18,Experimental,Iy_02,23:51,NA,NA,H,NA,,2
18-Jul-18,Control,Iy_03,8:01,NA,NA,C,1,,NA
18-Jul-18,Control,Iy_03,8:01,NA,NA,K,6,,NA
18-Jul-18,Control,Iy_03,8:01,NA,NA,H,NA,,NA
18-Jul-18,Control,Iy_03,9:58,NA,NA,C,0,,2
18-Jul-18,Control,Iy_03,9:58,NA,NA,K,5,,2
18-Jul-18,Control,Iy_03,9:58,NA,NA,H,NA,,2
18-Jul-18,Control,Iy_03,11:59,NA,NA,C,2,,2
18-Jul-18,Control,Iy_03,11:59,NA,NA,K,3,,2
18-Jul-18,Control,Iy_03,11:59,NA,NA,H,NA,,2
18-Jul-18,Control,Iy_03,14:01,NA,NA,C,1,,2
18-Jul-18,Control,Iy_03,14:01,NA,NA,K,5,,2
18-Jul-18,Control,Iy_03,14:01,NA,NA,H,NA,,2
18-Jul-18,Control,Iy_03,16:02,NA,NA,C,2,,2
18-Jul-18,Control,Iy_03,16:02,Hymenoptera,6,K,6,Faid. Red sub fem,2
18-Jul-18,Control,Iy_03,16:02,NA,NA,H,NA,,2
18-Jul-18,Control,Iy_03,20:24,NA,NA,C,3,,NA
18-Jul-18,Control,Iy_03,20:24,Coleoptera,5,K,4,,NA
18-Jul-18,Control,Iy_03,20:24,NA,NA,H,NA,,NA
18-Jul-18,Control,Iy_03,22:10,NA,NA,C,1,,2
18-Jul-18,Control,Iy_03,22:10,NA,NA,K,2,,2
18-Jul-18,Control,Iy_03,22:10,NA,NA,H,NA,,2
19-Jul-18,Control,Iy_03,0:05,NA,NA,C,0,,2
19-Jul-18,Control,Iy_03,0:05,NA,NA,K,5,,2
19-Jul-18,Control,Iy_03,0:05,NA,NA,H,NA,,2
19-Jul-18,Control,Iy_03,4:00,NA,NA,C,4,,NA
19-Jul-18,Control,Iy_03,4:00,NA,NA,K,4,,NA
19-Jul-18,Control,Iy_03,4:00,NA,NA,H,NA,,NA
19-Jul-18,Control,Iy_03,5:58,NA,NA,C,7,,2
19-Jul-18,Control,Iy_03,5:58,NA,NA,K,4,,2
19-Jul-18,Control,Iy_03,5:58,NA,NA,H,NA,,2
19-Jul-18,Control,Iy_03,7:59,NA,NA,C,7,,2
19-Jul-18,Control,Iy_03,7:59,NA,NA,K,3,,2
19-Jul-18,Control,Iy_03,7:59,NA,NA,H,NA,,2
19-Jul-18,Control,Iy_03,16:03,Diptera,5,C,5,ulo juv,NA
19-Jul-18,Control,Iy_03,16:03,NA,NA,K,2,,NA
19-Jul-18,Control,Iy_03,16:03,NA,NA,H,NA,,NA
19-Jul-18,Control,Iy_03,18:01,NA,NA,C,6,,2
19-Jul-18,Control,Iy_03,18:01,NA,NA,K,3,,2
19-Jul-18,Control,Iy_03,18:01,NA,NA,H,NA,parasitized spider,2
19-Jul-18,Control,Iy_03,20:06,NA,NA,C,6,,2
19-Jul-18,Control,Iy_03,20:06,NA,NA,K,3,,2
19-Jul-18,Control,Iy_03,20:06,Coleoptera,2,H,NA,,2
19-Jul-18,Control,Iy_03,20:06,Larva,18,H,NA,,2
18-Jul-18,Control,Iy_05,8:06,NA,NA,C,3,,NA
18-Jul-18,Control,Iy_05,8:06,NA,NA,K,4,,NA
18-Jul-18,Control,Iy_05,8:06,NA,NA,H,NA,,NA
18-Jul-18,Control,Iy_05,10:00,NA,NA,C,4,,2
18-Jul-18,Control,Iy_05,10:00,NA,NA,K,1,,2
18-Jul-18,Control,Iy_05,10:00,Hemiptera,12,H,NA,,2
18-Jul-18,Control,Iy_05,12:04,NA,NA,C,5,,2
18-Jul-18,Control,Iy_05,12:04,NA,NA,K,2,,2
18-Jul-18,Control,Iy_05,12:04,NA,NA,H,NA,,2
18-Jul-18,Control,Iy_05,14:05,NA,NA,C,3,,2
18-Jul-18,Control,Iy_05,14:05,NA,NA,K,2,,2
18-Jul-18,Control,Iy_05,14:05,NA,NA,H,NA,,2
18-Jul-18,Control,Iy_05,16:07,NA,NA,C,6,,2
18-Jul-18,Control,Iy_05,16:07,NA,NA,K,1,,2
18-Jul-18,Control,Iy_05,16:07,NA,NA,H,NA,,2
18-Jul-18,Control,Iy_05,20:28,NA,NA,C,5,,NA
18-Jul-18,Control,Iy_05,20:28,NA,NA,K,1,,NA
18-Jul-18,Control,Iy_05,20:28,Coleoptera,11,H,NA,,NA
18-Jul-18,Control,Iy_05,22:13,Coleoptera,2,C,9,,2
18-Jul-18,Control,Iy_05,22:13,NA,NA,K,0,,2
18-Jul-18,Control,Iy_05,22:13,NA,NA,H,NA,,2
19-Jul-18,Control,Iy_05,0:08,NA,NA,C,4,,2
19-Jul-18,Control,Iy_05,0:08,NA,NA,K,2,,2
19-Jul-18,Control,Iy_05,0:08,NA,NA,H,NA,,2
19-Jul-18,Control,Iy_05,4:04,NA,NA,C,8,,NA
19-Jul-18,Control,Iy_05,4:04,NA,NA,K,1,,NA
19-Jul-18,Control,Iy_05,4:04,NA,NA,H,NA,,NA
19-Jul-18,Control,Iy_05,6:03,NA,NA,C,4,,2
19-Jul-18,Control,Iy_05,6:03,NA,NA,K,0,,2
19-Jul-18,Control,Iy_05,6:03,NA,NA,H,NA,,2
19-Jul-18,Control,Iy_05,8:05,NA,NA,C,3,,2
19-Jul-18,Control,Iy_05,8:05,NA,NA,K,1,,2
19-Jul-18,Control,Iy_05,8:05,NA,NA,H,NA,,2
19-Jul-18,Control,Iy_05,16:07,NA,NA,C,4,,NA
19-Jul-18,Control,Iy_05,16:07,NA,NA,K,2,,NA
19-Jul-18,Control,Iy_05,16:07,NA,NA,H,NA,,NA
19-Jul-18,Control,Iy_05,18:05,NA,NA,C,4,,2
19-Jul-18,Control,Iy_05,18:05,NA,NA,K,1,,2
19-Jul-18,Control,Iy_05,18:05,Diptera,7,H,NA,,2
19-Jul-18,Control,Iy_05,20:10,NA,NA,C,4,,2
19-Jul-18,Control,Iy_05,20:10,NA,NA,K,0,,2
19-Jul-18,Control,Iy_05,20:10,NA,NA,H,NA,,2
30-Jul-18,Experimental,Iy_05,8:23,Diptera,6,H,NA,,NA
30-Jul-18,Experimental,Iy_05,8:23,Coleoptera,7,H,NA,,NA
30-Jul-18,Experimental,Iy_05,10:05,NA,NA,H,NA,,2
30-Jul-18,Experimental,Iy_05,12:01,Unknown,6,H,NA,,2
30-Jul-18,Experimental,Iy_05,14:08,Coleoptera,18,H,NA,,2
30-Jul-18,Experimental,Iy_05,16:01,Coleoptera,1,H,NA,,2
31-Jul-18,Experimental,Iy_05,16:01,Diptera,8,H,NA,,NA
31-Jul-18,Experimental,Iy_05,18:09,Coleoptera,7,H,NA,,2
31-Jul-18,Experimental,Iy_05,20:08,Coleoptera,12,H,NA,,2
31-Jul-18,Experimental,Iy_05,20:08,Hemiptera,6,H,NA,,2
31-Jul-18,Experimental,Iy_05,20:08,Hemiptera,8,H,NA,,2
31-Jul-18,Experimental,Iy_05,20:08,Diptera,7,H,NA,,2
31-Jul-18,Experimental,Iy_05,22:03,Larva,2,H,NA,,2
31-Jul-18,Experimental,Iy_05,23:53,NA,NA,H,NA,,2
18-Jul-18,Control,Iy_06,8:08,NA,NA,C,2,,NA
18-Jul-18,Control,Iy_06,8:08,NA,NA,K,1,,NA
18-Jul-18,Control,Iy_06,8:08,NA,NA,H,NA,,NA
18-Jul-18,Control,Iy_06,10:03,NA,NA,C,2,,2
18-Jul-18,Control,Iy_06,10:03,NA,NA,K,0,,2
18-Jul-18,Control,Iy_06,10:03,NA,NA,H,NA,,2
18-Jul-18,Control,Iy_06,12:06,NA,NA,C,2,,2
18-Jul-18,Control,Iy_06,12:06,NA,NA,K,0,,2
18-Jul-18,Control,Iy_06,12:06,NA,NA,H,NA,,2
18-Jul-18,Control,Iy_06,14:07,NA,NA,C,2,,2
18-Jul-18,Control,Iy_06,14:07,NA,NA,K,0,,2
18-Jul-18,Control,Iy_06,14:07,NA,NA,H,NA,,2
18-Jul-18,Control,Iy_06,16:08,NA,NA,C,3,,2
18-Jul-18,Control,Iy_06,16:08,NA,NA,K,0,,2
18-Jul-18,Control,Iy_06,16:08,NA,NA,H,NA,,2
18-Jul-18,Control,Iy_06,20:30,NA,NA,C,3,,NA
18-Jul-18,Control,Iy_06,20:30,NA,NA,K,0,,NA
18-Jul-18,Control,Iy_06,20:30,Unknown,1,H,NA,,NA
18-Jul-18,Control,Iy_06,22:14,NA,NA,C,3,,2
18-Jul-18,Control,Iy_06,22:14,NA,NA,K,0,,2
18-Jul-18,Control,Iy_06,22:14,NA,NA,H,NA,,2
19-Jul-18,Control,Iy_06,0:09,NA,NA,C,3,,2
19-Jul-18,Control,Iy_06,0:09,NA,NA,K,0,,2
19-Jul-18,Control,Iy_06,0:09,NA,NA,H,NA,,2
19-Jul-18,Control,Iy_06,4:06,NA,NA,C,3,,NA
19-Jul-18,Control,Iy_06,4:06,NA,NA,K,0,,NA
19-Jul-18,Control,Iy_06,4:06,NA,NA,H,NA,,NA
19-Jul-18,Control,Iy_06,6:05,NA,NA,C,2,,2
19-Jul-18,Control,Iy_06,6:05,NA,NA,K,1,,2
19-Jul-18,Control,Iy_06,6:05,NA,NA,H,NA,,2
19-Jul-18,Control,Iy_06,8:06,NA,NA,C,2,,2
19-Jul-18,Control,Iy_06,8:06,NA,NA,K,1,,2
19-Jul-18,Control,Iy_06,8:06,Diptera,10,H,NA,,2
19-Jul-18,Control,Iy_06,16:09,NA,NA,C,3,,NA
19-Jul-18,Control,Iy_06,16:09,NA,NA,K,1,,NA
19-Jul-18,Control,Iy_06,16:09,NA,NA,H,NA,,NA
19-Jul-18,Control,Iy_06,18:06,NA,NA,C,2,,2
19-Jul-18,Control,Iy_06,18:06,NA,NA,K,1,,2
19-Jul-18,Control,Iy_06,18:06,NA,NA,H,NA,,2
19-Jul-18,Control,Iy_06,20:12,NA,NA,C,3,,2
19-Jul-18,Control,Iy_06,20:12,NA,NA,K,1,,2
19-Jul-18,Control,Iy_06,20:12,NA,NA,H,NA,,2
30-Jul-18,Experimental,Iy_06,8:27,NA,NA,H,NA,,NA
30-Jul-18,Experimental,Iy_06,10:06,NA,NA,H,NA,,2
30-Jul-18,Experimental,Iy_06,12:02,NA,NA,H,NA,,2
30-Jul-18,Experimental,Iy_06,14:09,NA,NA,H,NA,,2
30-Jul-18,Experimental,Iy_06,16:01,NA,NA,H,NA,,2
31-Jul-18,Experimental,Iy_06,16:02,NA,NA,H,NA,,NA
31-Jul-18,Experimental,Iy_06,18:09,NA,NA,H,NA,,2
31-Jul-18,Experimental,Iy_06,20:10,Unknown,2,H,NA,,2
31-Jul-18,Experimental,Iy_06,22:04,NA,NA,H,NA,,2
31-Jul-18,Experimental,Iy_06,23:54,NA,NA,H,NA,,2
18-Jul-18,Control,Iy_07,8:10,Coleoptera,2,C,9,,NA
18-Jul-18,Control,Iy_07,8:10,Unknown,1,C,NA,,NA
18-Jul-18,Control,Iy_07,8:10,NA,NA,K,1,,NA
18-Jul-18,Control,Iy_07,8:10,Coleoptera,2,H,NA,,NA
18-Jul-18,Control,Iy_07,8:10,Hemiptera,5,H,NA,,NA
18-Jul-18,Control,Iy_07,10:06,NA,NA,C,6,,2
18-Jul-18,Control,Iy_07,10:06,NA,NA,K,1,,2
18-Jul-18,Control,Iy_07,10:06,Diptera,2,H,NA,,2
18-Jul-18,Control,Iy_07,12:08,NA,NA,C,7,,2
18-Jul-18,Control,Iy_07,12:08,NA,NA,K,1,,2
18-Jul-18,Control,Iy_07,12:08,Hymenoptera,7,H,NA,,2
18-Jul-18,Control,Iy_07,14:10,NA,NA,C,7,,2
18-Jul-18,Control,Iy_07,14:10,NA,NA,K,2,,2
18-Jul-18,Control,Iy_07,14:10,NA,NA,H,NA,,2
18-Jul-18,Control,Iy_07,16:09,Unknown,1,C,6,,2
18-Jul-18,Control,Iy_07,16:09,NA,NA,K,1,,2
18-Jul-18,Control,Iy_07,16:09,NA,NA,H,NA,,2
18-Jul-18,Control,Iy_07,20:31,NA,NA,C,7,Ulo shaking web,NA
18-Jul-18,Control,Iy_07,20:31,NA,NA,K,1,,NA
18-Jul-18,Control,Iy_07,20:31,Coleoptera,7,H,NA,,NA
18-Jul-18,Control,Iy_07,20:31,Diptera,6,H,NA,,NA
18-Jul-18,Control,Iy_07,20:31,Coleoptera,3,H,NA,,NA
18-Jul-18,Control,Iy_07,20:31,Coleoptera,1,H,NA,,NA
18-Jul-18,Control,Iy_07,22:16,NA,NA,C,7,,2
18-Jul-18,Control,Iy_07,22:16,NA,NA,K,1,,2
18-Jul-18,Control,Iy_07,22:16,Unknown,1,H,NA,,2
19-Jul-18,Control,Iy_07,0:10,NA,NA,C,5,,2
19-Jul-18,Control,Iy_07,0:10,NA,NA,K,2,,2
19-Jul-18,Control,Iy_07,0:10,NA,NA,H,NA,,2
19-Jul-18,Control,Iy_07,4:07,NA,NA,C,11,,NA
19-Jul-18,Control,Iy_07,4:07,NA,NA,K,1,,NA
19-Jul-18,Control,Iy_07,4:07,NA,NA,H,NA,,NA
19-Jul-18,Control,Iy_07,6:06,NA,NA,C,12,,2
19-Jul-18,Control,Iy_07,6:06,NA,NA,K,2,,2
19-Jul-18,Control,Iy_07,6:06,NA,NA,H,NA,,2
19-Jul-18,Control,Iy_07,8:08,NA,NA,C,12,,2
19-Jul-18,Control,Iy_07,8:08,NA,NA,K,1,,2
19-Jul-18,Control,Iy_07,8:08,Diptera,2,H,NA,,2
19-Jul-18,Control,Iy_07,16:10,Unknown,1,C,12,,NA
19-Jul-18,Control,Iy_07,16:10,NA,NA,K,1,,NA
19-Jul-18,Control,Iy_07,16:10,NA,NA,H,NA,,NA
19-Jul-18,Control,Iy_07,18:07,Unknown,1,C,12,ulo juv,2
19-Jul-18,Control,Iy_07,18:07,NA,NA,K,1,,2
19-Jul-18,Control,Iy_07,18:07,NA,NA,H,NA,,2
19-Jul-18,Control,Iy_07,20:13,NA,NA,C,9,,2
19-Jul-18,Control,Iy_07,20:13,NA,NA,K,1,,2
19-Jul-18,Control,Iy_07,20:13,NA,NA,H,NA,,2
30-Jul-18,Experimental,Iy_07,8:32,Hymenoptera,9,H,NA,,NA
30-Jul-18,Experimental,Iy_07,10:08,NA,NA,H,NA,,2
30-Jul-18,Experimental,Iy_07,12:02,Coleoptera,6,H,NA,,2
30-Jul-18,Experimental,Iy_07,14:10,Hymenoptera,4,H,NA,,2
30-Jul-18,Experimental,Iy_07,16:02,NA,NA,H,NA,,2
31-Jul-18,Experimental,Iy_07,16:03,NA,NA,H,NA,,NA
31-Jul-18,Experimental,Iy_07,18:10,NA,NA,H,NA,,2
31-Jul-18,Experimental,Iy_07,20:11,NA,NA,H,NA,,2
31-Jul-18,Experimental,Iy_07,22:04,NA,NA,H,NA,,2
31-Jul-18,Experimental,Iy_07,23:55,NA,NA,H,NA,,2
18-Jul-18,Control,Iy_08,8:14,NA,NA,C,1,,NA
18-Jul-18,Control,Iy_08,8:14,NA,NA,K,0,,NA
18-Jul-18,Control,Iy_08,8:14,NA,NA,H,NA,,NA
18-Jul-18,Control,Iy_08,10:08,NA,NA,C,3,,2
18-Jul-18,Control,Iy_08,10:08,NA,NA,K,0,,2
18-Jul-18,Control,Iy_08,10:08,Coleoptera,12,H,NA,,2
18-Jul-18,Control,Iy_08,12:10,Diptera,5,C,3,,2
18-Jul-18,Control,Iy_08,12:10,NA,NA,K,0,,2
18-Jul-18,Control,Iy_08,12:10,NA,NA,H,NA,,2
18-Jul-18,Control,Iy_08,14:13,NA,NA,C,4,,2
18-Jul-18,Control,Iy_08,14:13,NA,NA,K,0,,2
18-Jul-18,Control,Iy_08,14:13,NA,NA,H,NA,,2
18-Jul-18,Control,Iy_08,16:11,NA,NA,C,3,,2
18-Jul-18,Control,Iy_08,16:11,NA,NA,K,0,,2
18-Jul-18,Control,Iy_08,16:11,NA,NA,H,NA,,2
18-Jul-18,Control,Iy_08,20:34,NA,NA,C,3,,NA
18-Jul-18,Control,Iy_08,20:34,NA,NA,K,1,,NA
18-Jul-18,Control,Iy_08,20:34,Unknown,1,H,NA,,NA
18-Jul-18,Control,Iy_08,22:18,NA,NA,C,5,,2
18-Jul-18,Control,Iy_08,22:18,NA,NA,K,1,,2
18-Jul-18,Control,Iy_08,22:18,NA,NA,H,NA,,2
19-Jul-18,Control,Iy_08,0:12,NA,NA,C,4,,2
19-Jul-18,Control,Iy_08,0:12,NA,NA,K,1,,2
19-Jul-18,Control,Iy_08,0:12,NA,NA,H,NA,,2
19-Jul-18,Control,Iy_08,4:09,Coleoptera,2,C,3,,NA
19-Jul-18,Control,Iy_08,4:09,NA,NA,K,0,,NA
19-Jul-18,Control,Iy_08,4:09,NA,NA,H,NA,,NA
19-Jul-18,Control,Iy_08,6:07,NA,NA,C,2,,2
19-Jul-18,Control,Iy_08,6:07,NA,NA,K,0,,2
19-Jul-18,Control,Iy_08,6:07,NA,NA,H,NA,,2
19-Jul-18,Control,Iy_08,8:10,NA,NA,C,2,,2
19-Jul-18,Control,Iy_08,8:10,NA,NA,K,0,,2
19-Jul-18,Control,Iy_08,8:10,Coleoptera,6,H,NA,,2
19-Jul-18,Control,Iy_08,16:11,Unknown,1,C,2,,NA
19-Jul-18,Control,Iy_08,16:11,NA,NA,K,0,,NA
19-Jul-18,Control,Iy_08,16:11,Hymenoptera,7,H,NA,,NA
19-Jul-18,Control,Iy_08,16:11,Diptera,9,H,NA,,NA
19-Jul-18,Control,Iy_08,16:11,Hymenoptera,12,H,NA,,NA
19-Jul-18,Control,Iy_08,18:09,NA,NA,C,2,,2
19-Jul-18,Control,Iy_08,18:09,NA,NA,K,1,,2
19-Jul-18,Control,Iy_08,18:09,NA,NA,H,NA,,2
19-Jul-18,Control,Iy_08,20:15,NA,NA,C,3,,2
19-Jul-18,Control,Iy_08,20:15,NA,NA,K,1,,2
19-Jul-18,Control,Iy_08,20:15,NA,NA,H,NA,,2
30-Jul-18,Experimental,Iy_08,8:38,NA,NA,H,NA,,NA
30-Jul-18,Experimental,Iy_08,10:09,NA,NA,H,NA,,2
30-Jul-18,Experimental,Iy_08,12:03,NA,NA,H,NA,,2
30-Jul-18,Experimental,Iy_08,14:11,NA,NA,H,NA,,2
30-Jul-18,Experimental,Iy_08,16:03,NA,NA,H,NA,,2
31-Jul-18,Experimental,Iy_08,16:04,Coleoptera,2,H,NA,,NA
31-Jul-18,Experimental,Iy_08,18:11,NA,NA,H,NA,,2
31-Jul-18,Experimental,Iy_08,20:12,Lepidoptera,12,H,NA,,2
31-Jul-18,Experimental,Iy_08,22:05,Larva,3,H,NA,,2
31-Jul-18,Experimental,Iy_08,23:56,NA,NA,H,NA,,2
18-Jul-18,Control,Iy_11,8:20,NA,NA,C,1,,NA
18-Jul-18,Control,Iy_11,8:20,NA,NA,K,0,,NA
18-Jul-18,Control,Iy_11,8:20,Coleoptera,11,H,NA,Nest partially destroyed,NA
18-Jul-18,Control,Iy_11,10:10,NA,NA,C,2,,2
18-Jul-18,Control,Iy_11,10:10,NA,NA,K,5,,2
18-Jul-18,Control,Iy_11,10:10,Coleoptera,3,H,NA,,2
18-Jul-18,Control,Iy_11,10:10,Coleoptera,7,H,NA,,2
18-Jul-18,Control,Iy_11,10:10,Coleoptera,7,H,NA,,2
18-Jul-18,Control,Iy_11,12:13,Diptera,1,C,5,,2
18-Jul-18,Control,Iy_11,12:13,NA,NA,K,8,,2
18-Jul-18,Control,Iy_11,12:13,NA,NA,H,NA,,2
18-Jul-18,Control,Iy_11,14:16,NA,NA,C,7,,2
18-Jul-18,Control,Iy_11,14:16,NA,NA,K,12,,2
18-Jul-18,Control,Iy_11,14:16,Hymenoptera,4,H,NA,,2
18-Jul-18,Control,Iy_11,16:13,NA,NA,C,7,,2
18-Jul-18,Control,Iy_11,16:13,Unknown,1,K,7,,2
18-Jul-18,Control,Iy_11,16:13,Coleoptera,4,H,NA,,2
18-Jul-18,Control,Iy_11,16:13,Coleoptera,5,H,NA,,2
18-Jul-18,Control,Iy_11,20:36,Unknown,1,C,6,,NA
18-Jul-18,Control,Iy_11,20:36,Unknown,1,K,8,Neosp. Juv,NA
18-Jul-18,Control,Iy_11,20:36,Unknown,1,K,NA,Neosp. Juv,NA
18-Jul-18,Control,Iy_11,20:36,NA,NA,H,NA,,NA
18-Jul-18,Control,Iy_11,22:19,NA,NA,C,15,,2
18-Jul-18,Control,Iy_11,22:19,Spider,1,K,11,,2
18-Jul-18,Control,Iy_11,22:19,NA,NA,H,NA,,2
19-Jul-18,Control,Iy_11,0:15,NA,NA,C,16,,2
19-Jul-18,Control,Iy_11,0:15,NA,NA,K,8,,2
19-Jul-18,Control,Iy_11,0:15,NA,NA,H,NA,,2
19-Jul-18,Control,Iy_11,4:10,NA,NA,C,23,,NA
19-Jul-18,Control,Iy_11,4:10,NA,NA,K,3,,NA
19-Jul-18,Control,Iy_11,4:10,NA,NA,H,NA,,NA
19-Jul-18,Control,Iy_11,6:09,NA,NA,C,25,,2
19-Jul-18,Control,Iy_11,6:09,NA,NA,K,11,,2
19-Jul-18,Control,Iy_11,6:09,NA,NA,H,NA,,2
19-Jul-18,Control,Iy_11,8:12,NA,NA,C,25,,2
19-Jul-18,Control,Iy_11,8:12,NA,NA,K,16,,2
19-Jul-18,Control,Iy_11,8:12,NA,NA,H,NA,,2
19-Jul-18,Control,Iy_11,16:15,NA,NA,C,22,,NA
19-Jul-18,Control,Iy_11,16:15,NA,NA,K,9,,NA
19-Jul-18,Control,Iy_11,16:15,NA,NA,H,NA,,NA
19-Jul-18,Control,Iy_11,18:10,NA,NA,C,5,,2
19-Jul-18,Control,Iy_11,18:10,NA,NA,H,4,,2
19-Jul-18,Control,Iy_11,18:10,Coleoptera,2,H,NA,,2
19-Jul-18,Control,Iy_11,18:10,Coleoptera,11,H,NA,,2
19-Jul-18,Control,Iy_11,20:16,NA,NA,C,17,,2
19-Jul-18,Control,Iy_11,20:16,NA,NA,K,6,,2
19-Jul-18,Control,Iy_11,20:16,NA,NA,H,NA,,2
30-Jul-18,Experimental,Iy_11,8:51,Orthoptera,50,H,NA,,NA
30-Jul-18,Experimental,Iy_11,8:51,Coleoptera,9,H,NA,,NA
30-Jul-18,Experimental,Iy_11,8:51,Coleoptera,8,H,NA,,NA
30-Jul-18,Experimental,Iy_11,8:51,Coleoptera,15,H,NA,,NA
30-Jul-18,Experimental,Iy_11,10:11,Coleoptera,15,H,NA,,2
30-Jul-18,Experimental,Iy_11,12:04,NA,NA,H,NA,,2
30-Jul-18,Experimental,Iy_11,14:12,NA,NA,H,NA,,2
30-Jul-18,Experimental,Iy_11,16:05,Diptera,4,H,NA,,2
30-Jul-18,Experimental,Iy_11,16:05,Hemiptera,11,H,NA,,NA
30-Jul-18,Experimental,Iy_11,16:05,Coleoptera,23,H,NA,,NA
30-Jul-18,Experimental,Iy_11,16:05,Coleoptera,8,H,NA,,NA
31-Jul-18,Experimental,Iy_11,16:06,Coleoptera,8,H,NA,,NA
31-Jul-18,Experimental,Iy_11,16:06,Unknown,2,H,NA,,NA
31-Jul-18,Experimental,Iy_11,16:06,Coleoptera,10,H,NA,,NA
31-Jul-18,Experimental,Iy_11,18:12,Orthoptera,17,H,NA,,2
31-Jul-18,Experimental,Iy_11,18:12,Hemiptera,10,H,NA,,2
31-Jul-18,Experimental,Iy_11,18:12,Coleoptera,2,H,NA,,2
31-Jul-18,Experimental,Iy_11,20:14,Diptera,3,H,NA,,2
31-Jul-18,Experimental,Iy_11,20:14,Coleoptera,2,H,NA,,2
31-Jul-18,Experimental,Iy_11,20:14,Larva,2,H,NA,,2
31-Jul-18,Experimental,Iy_11,20:14,Unknown,5,H,NA,,2
31-Jul-18,Experimental,Iy_11,22:08,Hemiptera,3,H,NA,,2
31-Jul-18,Experimental,Iy_11,22:08,Unknown,2,H,NA,,2
31-Jul-18,Experimental,Iy_11,23:57,NA,NA,H,NA,,2