"","Date","Treatment","Nest","Time","Order","Size","Code","X..Seen","Notes","Interval","SizeNoNA","LogBiomass_mg","Biomass_mg"
"6","08-Jul-18","Control","Ex_01","14:55","Coleoptera",4,"H",NA,"",2,4,-0.174290065721263,0.669437342193888
"9","08-Jul-18","Control","Ex_01","16:40",NA,NA,"H",NA,"",2,0,NA,NA
"12","09-Jul-18","Control","Ex_01","8:59","Coleoptera",12,"H",NA,"",NA,12,1.24085157577726,17.4121169622438
"15","09-Jul-18","Control","Ex_01","10:52",NA,NA,"H",NA,"",2,0,NA,NA
"18","09-Jul-18","Control","Ex_01","12:52",NA,NA,"H",NA,"",2,0,NA,NA
"24","09-Jul-18","Control","Ex_01","19:01","Lepidoptera",11,"H",NA,"headlamp catch",2,11,0.605007091013408,4.02723609806664
"27","09-Jul-18","Control","Ex_01","21:04","Coleoptera",11,"H",NA,"",2,11,1.1287707041793,13.4514996349072
"30","10-Jul-18","Control","Ex_01","4:55","Coleoptera",12,"H",NA,"",NA,12,1.24085157577726,17.4121169622438
"33","10-Jul-18","Control","Ex_01","6:50","Coleoptera",10,"H",NA,"",2,10,1.006,10.1391138573668
"36","10-Jul-18","Control","Ex_01","8:45",NA,NA,"H",NA,"",2,0,NA,NA
"42","11-Jul-18","Control","Ex_01","22:55",NA,NA,"H",NA,"",2,0,NA,NA
"43","25-Jul-18","Experimental","Ex_01","13:16",NA,NA,"H",NA,"",2,0,NA,NA
"44","25-Jul-18","Experimental","Ex_01","14:51",NA,NA,"H",NA,"",2,0,NA,NA
"45","25-Jul-18","Experimental","Ex_01","16:44",NA,NA,"H",NA,"",2,0,NA,NA
"46","28-Jul-18","Experimental","Ex_01","9:00",NA,NA,"H",NA,"",NA,0,NA,NA
"47","28-Jul-18","Experimental","Ex_01","10:46",NA,NA,"H",NA,"",2,0,NA,NA
"48","28-Jul-18","Experimental","Ex_01","12:41","Coleoptera",3,"H",NA,"",NA,3,-0.544858358501481,0.28519482548175
"49","28-Jul-18","Experimental","Ex_01","20:47","Hemiptera",10,"H",NA,"",NA,10,0.78,6.02559586074358
"50","28-Jul-18","Experimental","Ex_01","20:47","Hemiptera",9,"H",NA,"",NA,9,0.664279306372052,4.61614355628213
"51","28-Jul-18","Experimental","Ex_01","22:45",NA,NA,"H",NA,"",2,0,NA,NA
"52","29-Jul-18","Experimental","Ex_01","0:46",NA,NA,"H",NA,"",2,0,NA,NA
"53","29-Jul-18","Experimental","Ex_01","16:44","Coleoptera",8,"H",NA,"",NA,8,0.718564901418105,5.23076129381261
"54","29-Jul-18","Experimental","Ex_01","18:45","Orthoptera",5,"H",NA,"",2,5,-0.0547603883794694,0.881535104827823
"55","29-Jul-18","Experimental","Ex_01","20:31",NA,NA,"H",NA,"",2,0,NA,NA
"61","08-Jul-18","Control","Ex_02","14:48",NA,NA,"H",NA,"",2,0,NA,NA
"64","08-Jul-18","Control","Ex_02","16:36",NA,NA,"H",NA,"",2,0,NA,NA
"67","09-Jul-18","Control","Ex_02","8:51",NA,NA,"H",NA,"",NA,0,NA,NA
"70","09-Jul-18","Control","Ex_02","10:45",NA,NA,"H",NA,"",2,0,NA,NA
"73","09-Jul-18","Control","Ex_02","12:45",NA,NA,"H",NA,"",2,0,NA,NA
"79","09-Jul-18","Control","Ex_02","18:55",NA,NA,"H",NA,"",2,0,NA,NA
"82","09-Jul-18","Control","Ex_02","20:57",NA,NA,"H",NA,"",2,0,NA,NA
"85","10-Jul-18","Control","Ex_02","4:48",NA,NA,"H",NA,"",NA,0,NA,NA
"88","10-Jul-18","Control","Ex_02","6:45",NA,NA,"H",NA,"",2,0,NA,NA
"91","10-Jul-18","Control","Ex_02","8:40",NA,NA,"H",NA,"",2,0,NA,NA
"97","11-Jul-18","Control","Ex_02","22:50",NA,NA,"H",NA,"",2,0,NA,NA
"98","25-Jul-18","Experimental","Ex_02","13:01",NA,NA,"H",NA,"",2,0,NA,NA
"99","25-Jul-18","Experimental","Ex_02","14:46",NA,NA,"H",NA,"",2,0,NA,NA
"100","25-Jul-18","Experimental","Ex_02","16:39",NA,NA,"H",NA,"",2,0,NA,NA
"101","28-Jul-18","Experimental","Ex_02","8:51",NA,NA,"H",NA,"",NA,0,NA,NA
"102","28-Jul-18","Experimental","Ex_02","10:40",NA,NA,"H",NA,"",2,0,NA,NA
"103","28-Jul-18","Experimental","Ex_02","12:36",NA,NA,"H",NA,"",2,0,NA,NA
"104","28-Jul-18","Experimental","Ex_02","20:41",NA,NA,"H",NA,"",NA,0,NA,NA
"105","28-Jul-18","Experimental","Ex_02","22:40",NA,NA,"H",NA,"",2,0,NA,NA
"106","29-Jul-18","Experimental","Ex_02","0:42",NA,NA,"H",NA,"",2,0,NA,NA
"107","29-Jul-18","Experimental","Ex_02","16:39",NA,NA,"H",NA,"",NA,0,NA,NA
"108","29-Jul-18","Experimental","Ex_02","18:40",NA,NA,"H",NA,"",2,0,NA,NA
"109","29-Jul-18","Experimental","Ex_02","20:31",NA,NA,"H",NA,"",2,0,NA,NA
"115","08-Jul-18","Control","Ex_03","14:49",NA,NA,"H",NA,"",2,0,NA,NA
"118","08-Jul-18","Control","Ex_03","16:37",NA,NA,"H",NA,"",2,0,NA,NA
"121","09-Jul-18","Control","Ex_03","8:52",NA,NA,"H",NA,"",NA,0,NA,NA
"124","09-Jul-18","Control","Ex_03","10:46",NA,NA,"H",NA,"",2,0,NA,NA
"127","09-Jul-18","Control","Ex_03","12:46",NA,NA,"H",NA,"parasitoid adult seen",2,0,NA,NA
"133","09-Jul-18","Control","Ex_03","18:56",NA,NA,"H",NA,"",2,0,NA,NA
"136","09-Jul-18","Control","Ex_03","20:58",NA,NA,"H",NA,"",2,0,NA,NA
"139","10-Jul-18","Control","Ex_03","4:49",NA,NA,"H",NA,"",NA,0,NA,NA
"142","10-Jul-18","Control","Ex_03","6:46",NA,NA,"H",NA,"",2,0,NA,NA
"145","10-Jul-18","Control","Ex_03","8:41",NA,NA,"H",NA,"",2,0,NA,NA
"151","11-Jul-18","Control","Ex_03","22:51",NA,NA,"H",NA,"",2,0,NA,NA
"152","25-Jul-18","Experimental","Ex_03","13:04",NA,NA,"H",NA,"",NA,0,NA,NA
"153","25-Jul-18","Experimental","Ex_03","14:46",NA,NA,"H",NA,"",2,0,NA,NA
"154","25-Jul-18","Experimental","Ex_03","16:39",NA,NA,"H",NA,"",2,0,NA,NA
"155","28-Jul-18","Experimental","Ex_03","8:52",NA,NA,"H",NA,"",NA,0,NA,NA
"156","28-Jul-18","Experimental","Ex_03","10:40",NA,NA,"H",NA,"",2,0,NA,NA
"157","28-Jul-18","Experimental","Ex_03","12:37",NA,NA,"H",NA,"",2,0,NA,NA
"158","28-Jul-18","Experimental","Ex_03","20:42",NA,NA,"H",NA,"",NA,0,NA,NA
"159","28-Jul-18","Experimental","Ex_03","22:41",NA,NA,"H",NA,"",2,0,NA,NA
"160","29-Jul-18","Experimental","Ex_03","0:43",NA,NA,"H",NA,"",2,0,NA,NA
"161","29-Jul-18","Experimental","Ex_03","16:39",NA,NA,"H",NA,"",NA,0,NA,NA
"162","29-Jul-18","Experimental","Ex_03","18:40",NA,NA,"H",NA,"",2,0,NA,NA
"163","29-Jul-18","Experimental","Ex_03","20:31",NA,NA,"H",NA,"",2,0,NA,NA
"169","08-Jul-18","Control","Ex_04","14:10","Hymenoptera",3,"H",NA,"",2,3,-0.0666046483648651,0.857818388384165
"172","08-Jul-18","Control","Ex_04","16:04",NA,NA,"H",NA,"one parasitized",2,0,NA,NA
"175","09-Jul-18","Control","Ex_04","8:12",NA,NA,"H",NA,"",NA,0,NA,NA
"178","09-Jul-18","Control","Ex_04","10:11",NA,NA,"H",NA,"",2,0,NA,NA
"181","09-Jul-18","Control","Ex_04","12:10",NA,NA,"H",NA,"",2,0,NA,NA
"190","09-Jul-18","Control","Ex_04","18:15","Lepidoptera",9,"H",NA,"",2,9,0.289174854208114,1.94614347375831
"193","09-Jul-18","Control","Ex_04","20:19",NA,NA,"H",NA,"",2,0,NA,NA
"196","10-Jul-18","Control","Ex_04","4:11",NA,NA,"H",NA,"",NA,0,NA,NA
"199","10-Jul-18","Control","Ex_04","6:10",NA,NA,"H",NA,"",2,0,NA,NA
"202","10-Jul-18","Control","Ex_04","8:10",NA,NA,"H",NA,"",2,0,NA,NA
"208","11-Jul-18","Control","Ex_04","22:15",NA,NA,"H",NA,"",2,0,NA,NA
"211","12-Jul-18","Control","Ex_04","0:10",NA,NA,"H",NA,"",2,0,NA,NA
"214","25-Jul-18","Experimental","Ex_04","14:14",NA,NA,"H",NA,"",2,0,NA,NA
"215","25-Jul-18","Experimental","Ex_04","16:10",NA,NA,"H",NA,"",2,0,NA,NA
"216","28-Jul-18","Experimental","Ex_04","8:17","Diptera",8,"H",NA,"",NA,8,0.468660313645678,2.94211953500338
"217","28-Jul-18","Experimental","Ex_04","10:10",NA,NA,"H",NA,"",2,0,NA,NA
"218","28-Jul-18","Experimental","Ex_04","12:08",NA,NA,"H",NA,"",2,0,NA,NA
"219","28-Jul-18","Experimental","Ex_04","20:07","Coleoptera",12,"H",NA,"",NA,12,1.24085157577726,17.4121169622438
"220","28-Jul-18","Experimental","Ex_04","22:08","Coleoptera",2,"H",NA,"",2,2,-1.06714503286063,0.0856751684795334
"221","29-Jul-18","Experimental","Ex_04","0:09",NA,NA,"H",NA,"",2,0,NA,NA
"222","29-Jul-18","Experimental","Ex_04","16:06",NA,NA,"H",NA,"",NA,0,NA,NA
"223","29-Jul-18","Experimental","Ex_04","18:08","Hemiptera",7,"H",NA,"",2,7,0.388252943196055,2.44485407792197
"224","29-Jul-18","Experimental","Ex_04","18:08","Hymenoptera",4,"H",NA,"",2,4,0.0759504501052051,1.1911061035857
"225","29-Jul-18","Experimental","Ex_04","20:03",NA,NA,"H",NA,"",2,0,NA,NA
"231","08-Jul-18","Control","Ex_05","14:21",NA,NA,"H",NA,"",2,0,NA,NA
"234","08-Jul-18","Control","Ex_05","16:12",NA,NA,"H",NA,"",2,0,NA,NA
"237","09-Jul-18","Control","Ex_05","8:21",NA,NA,"H",NA,"",NA,0,NA,NA
"240","09-Jul-18","Control","Ex_05","10:22",NA,NA,"H",NA,"",2,0,NA,NA
"243","09-Jul-18","Control","Ex_05","12:18",NA,NA,"H",NA,"",2,0,NA,NA
"249","09-Jul-18","Control","Ex_05","18:25",NA,NA,"H",NA,"",2,0,NA,NA
"252","09-Jul-18","Control","Ex_05","20:30",NA,NA,"H",NA,"",2,0,NA,NA
"255","10-Jul-18","Control","Ex_05","4:20",NA,NA,"H",NA,"",NA,0,NA,NA
"258","10-Jul-18","Control","Ex_05","6:19",NA,NA,"H",NA,"",2,0,NA,NA
"261","10-Jul-18","Control","Ex_05","8:18",NA,NA,"H",NA,"",2,0,NA,NA
"267","11-Jul-18","Control","Ex_05","22:23","Hymenoptera",13,"H",NA,"headlamp catch",2,13,0.660009364982101,4.57098046219197
"268","25-Jul-18","Experimental","Ex_05","12:30","Hymenoptera",7,"H",NA,"",NA,7,0.353256863656267,2.25557287725395
"269","25-Jul-18","Experimental","Ex_05","12:30","Hymenoptera",4,"H",NA,"",NA,4,0.0759504501052051,1.1911061035857
"270","25-Jul-18","Experimental","Ex_05","14:23",NA,NA,"H",NA,"",2,0,NA,NA
"271","25-Jul-18","Experimental","Ex_05","16:16",NA,NA,"H",NA,"",2,0,NA,NA
"272","28-Jul-18","Experimental","Ex_05","8:26",NA,NA,"H",NA,"nest moved and half the size",NA,0,NA,NA
"273","28-Jul-18","Experimental","Ex_05","10:16",NA,NA,"H",NA,"",2,0,NA,NA
"274","28-Jul-18","Experimental","Ex_05","12:15",NA,NA,"H",NA,"",2,0,NA,NA
"275","28-Jul-18","Experimental","Ex_05","20:15","Diptera",3,"H",NA,"",NA,3,-0.394352337937964,0.403318053071702
"276","28-Jul-18","Experimental","Ex_05","22:15","Hemiptera",6,"H",NA,"",2,6,0.218944512220234,1.65555842698004
"277","29-Jul-18","Experimental","Ex_05","0:16",NA,NA,"H",NA,"",2,0,NA,NA
"278","29-Jul-18","Experimental","Ex_05","16:13",NA,NA,"H",NA,"",NA,0,NA,NA
"279","29-Jul-18","Experimental","Ex_05","18:15",NA,NA,"H",NA,"",2,0,NA,NA
"280","29-Jul-18","Experimental","Ex_05","20:08",NA,NA,"H",NA,"",2,0,NA,NA
"286","08-Jul-18","Control","Ex_06","14:02",NA,NA,"H",NA,"",2,0,NA,NA
"289","08-Jul-18","Control","Ex_06","15:54",NA,NA,"H",NA,"",2,0,NA,NA
"292","09-Jul-18","Control","Ex_06","7:59",NA,NA,"H",NA,"",NA,0,NA,NA
"295","09-Jul-18","Control","Ex_06","10:00",NA,NA,"H",NA,"",2,0,NA,NA
"298","09-Jul-18","Control","Ex_06","12:00","Coleoptera",3,"H",NA,"",2,3,-0.544858358501481,0.28519482548175
"304","09-Jul-18","Control","Ex_06","18:05",NA,NA,"H",NA,"",2,0,NA,NA
"307","09-Jul-18","Control","Ex_06","20:05","Lepidoptera",7,"H",NA,"",2,7,-0.106364702988333,0.782772026310927
"310","10-Jul-18","Control","Ex_06","6:03",NA,NA,"H",NA,"",NA,0,NA,NA
"313","10-Jul-18","Control","Ex_06","8:03",NA,NA,"H",NA,"",2,0,NA,NA
"319","11-Jul-18","Control","Ex_06","22:05",NA,NA,"H",NA,"",2,0,NA,NA
"322","12-Jul-18","Control","Ex_06","0:04",NA,NA,"H",NA,"",2,0,NA,NA
"323","25-Jul-18","Experimental","Ex_06","12:04",NA,NA,"H",NA,"",NA,0,NA,NA
"324","25-Jul-18","Experimental","Ex_06","14:07",NA,NA,"H",NA,"",2,0,NA,NA
"326","28-Jul-18","Experimental","Ex_06","8:08",NA,NA,"H",NA,"",NA,0,NA,NA
"327","28-Jul-18","Experimental","Ex_06","10:04","Unknown",1,"H",NA,"",2,1,-1.412,0.0387257644921617
"328","28-Jul-18","Experimental","Ex_06","12:03",NA,NA,"H",NA,"",2,0,NA,NA
"329","28-Jul-18","Experimental","Ex_06","20:01",NA,NA,"H",NA,"",NA,0,NA,NA
"330","28-Jul-18","Experimental","Ex_06","22:03",NA,NA,"H",NA,"",2,0,NA,NA
"331","29-Jul-18","Experimental","Ex_06","0:05",NA,NA,"H",NA,"",2,0,NA,NA
"332","29-Jul-18","Experimental","Ex_06","16:00",NA,NA,"H",NA,"",NA,0,NA,NA
"333","29-Jul-18","Experimental","Ex_06","18:05",NA,NA,"H",NA,"",2,0,NA,NA
"334","29-Jul-18","Experimental","Ex_06","19:58",NA,NA,"H",NA,"",2,0,NA,NA
"340","08-Jul-18","Control","Ex_07","14:04",NA,NA,"H",NA,"",2,0,NA,NA
"343","08-Jul-18","Control","Ex_07","15:56",NA,NA,"H",NA,"",2,0,NA,NA
"346","09-Jul-18","Control","Ex_07","8:01","Diptera",3,"H",NA,"",NA,3,-0.394352337937964,0.403318053071702
"349","09-Jul-18","Control","Ex_07","10:02","Unknown",2,"H",NA,"",2,2,-0.784352459040599,0.164303774687794
"352","09-Jul-18","Control","Ex_07","12:01",NA,NA,"H",NA,"",2,0,NA,NA
"358","09-Jul-18","Control","Ex_07","18:07",NA,NA,"H",NA,"",2,0,NA,NA
"365","10-Jul-18","Control","Ex_07","4:04",NA,NA,"H",NA,"",NA,0,NA,NA
"368","10-Jul-18","Control","Ex_07","6:04",NA,NA,"H",NA,"",2,0,NA,NA
"371","10-Jul-18","Control","Ex_07","8:04",NA,NA,"H",NA,"",2,0,NA,NA
"377","11-Jul-18","Control","Ex_07","22:07",NA,NA,"H",NA,"",2,0,NA,NA
"380","12-Jul-18","Control","Ex_07","0:05",NA,NA,"H",NA,"",2,0,NA,NA
"381","25-Jul-18","Experimental","Ex_07","12:06","Hymenoptera",8,"H",NA,"",NA,8,0.419425675157808,2.62679194073425
"382","25-Jul-18","Experimental","Ex_07","12:06","Hemiptera",11,"H",NA,"",NA,11,0.884682100765151,7.66799993924717
"383","25-Jul-18","Experimental","Ex_07","14:07","Coleoptera",4,"H",NA,"",2,4,-0.174290065721263,0.669437342193888
"384","25-Jul-18","Experimental","Ex_07","16:05",NA,NA,"H",NA,"",2,0,NA,NA
"385","28-Jul-18","Experimental","Ex_07","8:10",NA,NA,"H",NA,"",NA,0,NA,NA
"386","28-Jul-18","Experimental","Ex_07","10:05",NA,NA,"H",NA,"",2,0,NA,NA
"387","28-Jul-18","Experimental","Ex_07","12:04","Unknown",4,"H",NA,"",2,4,-0.156704918081198,0.697099998687475
"388","28-Jul-18","Experimental","Ex_07","20:02",NA,NA,"H",NA,"",NA,0,NA,NA
"389","28-Jul-18","Experimental","Ex_07","22:04",NA,NA,"H",NA,"",2,0,NA,NA
"390","29-Jul-18","Experimental","Ex_07","0:06",NA,NA,"H",NA,"",2,0,NA,NA
"391","29-Jul-18","Experimental","Ex_07","16:00","Coleoptera",18,"H",NA,"Cerambycidae",NA,18,1.76313825013641,57.9613176891647
"392","29-Jul-18","Experimental","Ex_07","18:05",NA,NA,"H",NA,"",2,0,NA,NA
"393","29-Jul-18","Experimental","Ex_07","19:59",NA,NA,"H",NA,"",2,0,NA,NA
"399","08-Jul-18","Control","Ex_09","14:32",NA,NA,"H",NA,"",2,0,NA,NA
"402","08-Jul-18","Control","Ex_09","16:22",NA,NA,"H",NA,"",2,0,NA,NA
"405","09-Jul-18","Control","Ex_09","8:32","Hymenoptera",4,"H",NA,"",NA,4,0.0759504501052051,1.1911061035857
"406","09-Jul-18","Control","Ex_09","8:32","Coleoptera",7,"H",NA,"",NA,7,0.546560786682286,3.52014689343836
"407","09-Jul-18","Control","Ex_09","8:32","Coleoptera",3,"H",NA,"",NA,3,-0.544858358501481,0.28519482548175
"410","09-Jul-18","Control","Ex_09","10:31","Coleoptera",7,"H",NA,"",2,7,0.546560786682286,3.52014689343836
"413","09-Jul-18","Control","Ex_09","12:27","Hymenoptera",5,"H",NA,"",2,5,0.186524774947397,1.53647244109077
"414","09-Jul-18","Control","Ex_09","12:27","Hemiptera",10,"H",NA,"",2,10,0.78,6.02559586074358
"415","09-Jul-18","Control","Ex_09","12:27","Diptera",11,"H",NA,"",2,11,0.748861580130564,5.60869185336122
"421","09-Jul-18","Control","Ex_09","18:35","Diptera",9,"H",NA,"",2,9,0.572295324124072,3.73504057551803
"424","09-Jul-18","Control","Ex_09","20:40","Coleoptera",10,"H",NA,"",2,10,1.006,10.1391138573668
"427","10-Jul-18","Control","Ex_09","4:32","Coleoptera",12,"H",NA,"",NA,12,1.24085157577726,17.4121169622438
"430","10-Jul-18","Control","Ex_09","6:29","Coleoptera",9,"H",NA,"",2,9,0.870283282997038,7.41793943259994
"431","10-Jul-18","Control","Ex_09","6:29","Hymenoptera",7,"H",NA,"",2,7,0.353256863656267,2.25557287725395
"434","10-Jul-18","Control","Ex_09","8:27","Coleoptera",5,"H",NA,"",2,5,0.113145032860632,1.29761253699451
"442","11-Jul-18","Control","Ex_09","22:33",NA,NA,"H",NA,"",2,0,NA,NA
"443","25-Jul-18","Experimental","Ex_09","12:46",NA,NA,"H",NA,"adult parasitoid seen",NA,0,NA,NA
"444","25-Jul-18","Experimental","Ex_09","14:31","Coleoptera",14,"H",NA,"",2,14,1.43941575382165,27.505259952169
"445","25-Jul-18","Experimental","Ex_09","16:25","Hymenoptera",5,"H",NA,"",2,5,0.186524774947397,1.53647244109077
"446","28-Jul-18","Experimental","Ex_09","8:39",NA,NA,"H",NA,"",NA,0,NA,NA
"447","28-Jul-18","Experimental","Ex_09","10:26",NA,NA,"H",NA,"",2,0,NA,NA
"448","28-Jul-18","Experimental","Ex_09","12:25",NA,NA,"H",NA,"",2,0,NA,NA
"449","28-Jul-18","Experimental","Ex_09","20:28","Hymenoptera",6,"H",NA,"",NA,6,0.276870576687737,1.89177976876938
"450","28-Jul-18","Experimental","Ex_09","20:28","Coleoptera",16,"H",NA,"",NA,16,1.61141986855747,40.8714333490582
"451","28-Jul-18","Experimental","Ex_09","22:25",NA,NA,"H",NA,"",2,0,NA,NA
"452","29-Jul-18","Experimental","Ex_09","0:27","Unknown",12,"H",NA,"",2,12,0.838092898009298,6.88799618663177
"453","29-Jul-18","Experimental","Ex_09","16:23",NA,NA,"H",NA,"",NA,0,NA,NA
"454","29-Jul-18","Experimental","Ex_09","18:25","Coleoptera",1,"H",NA,"",2,1,-1.96,0.0109647819614319
"455","29-Jul-18","Experimental","Ex_09","20:18",NA,NA,"H",NA,"",2,0,NA,NA
"461","08-Jul-18","Control","Ex_10","15:02",NA,NA,"H",NA,"",2,0,NA,NA
"464","08-Jul-18","Control","Ex_10","16:50","Coleoptera",2,"H",NA,"",2,2,-1.06714503286063,0.0856751684795334
"467","09-Jul-18","Control","Ex_10","9:04",NA,NA,"H",NA,"",NA,0,NA,NA
"470","09-Jul-18","Control","Ex_10","10:59",NA,NA,"H",NA,"",2,0,NA,NA
"473","09-Jul-18","Control","Ex_10","13:00",NA,NA,"H",NA,"",2,0,NA,NA
"479","09-Jul-18","Control","Ex_10","19:10",NA,NA,"H",NA,"",2,0,NA,NA
"482","09-Jul-18","Control","Ex_10","21:10",NA,NA,"H",NA,"",2,0,NA,NA
"485","10-Jul-18","Control","Ex_10","5:01",NA,NA,"H",NA,"",NA,0,NA,NA
"488","10-Jul-18","Control","Ex_10","6:55",NA,NA,"H",NA,"",2,0,NA,NA
"491","10-Jul-18","Control","Ex_10","8:50",NA,NA,"H",NA,"",2,0,NA,NA
"497","11-Jul-18","Control","Ex_10","23:00",NA,NA,"H",NA,"",2,0,NA,NA
"498","25-Jul-18","Experimental","Ex_10","13:20",NA,NA,"H",NA,"",NA,0,NA,NA
"499","25-Jul-18","Experimental","Ex_10","14:55","Diptera",2,"H",NA,"",2,2,-0.751113228784774,0.177372697643362
"500","25-Jul-18","Experimental","Ex_10","16:48",NA,NA,"H",NA,"",2,0,NA,NA
"501","28-Jul-18","Experimental","Ex_10","9:05",NA,NA,"H",NA,"",NA,0,NA,NA
"502","28-Jul-18","Experimental","Ex_10","10:50",NA,NA,"H",NA,"",2,0,NA,NA
"503","28-Jul-18","Experimental","Ex_10","12:46",NA,NA,"H",NA,"",2,0,NA,NA
"504","28-Jul-18","Experimental","Ex_10","20:52",NA,NA,"H",NA,"",NA,0,NA,NA
"505","28-Jul-18","Experimental","Ex_10","22:50",NA,NA,"H",NA,"",2,0,NA,NA
"506","29-Jul-18","Experimental","Ex_10","0:50",NA,NA,"H",NA,"",2,0,NA,NA
"507","29-Jul-18","Experimental","Ex_10","16:48",NA,NA,"H",NA,"",NA,0,NA,NA
"508","29-Jul-18","Experimental","Ex_10","18:50",NA,NA,"H",NA,"",2,0,NA,NA
"509","29-Jul-18","Experimental","Ex_10","20:38",NA,NA,"H",NA,"",2,0,NA,NA
"516","08-Jul-18","Control","Ex_11","15:13",NA,NA,"H",NA,"",2,0,NA,NA
"519","08-Jul-18","Control","Ex_11","16:59","Spider",3,"H",NA,"",2,3,-0.729266647319434,0.186523412621011
"522","09-Jul-18","Control","Ex_11","9:16",NA,NA,"H",NA,"",NA,0,NA,NA
"525","09-Jul-18","Control","Ex_11","11:10",NA,NA,"H",NA,"",2,0,NA,NA
"528","09-Jul-18","Control","Ex_11","13:10",NA,NA,"H",NA,"",2,0,NA,NA
"534","09-Jul-18","Control","Ex_11","17:57",NA,NA,"H",NA,"",2,0,NA,NA
"540","10-Jul-18","Control","Ex_11","3:55",NA,NA,"H",NA,"",NA,0,NA,NA
"543","10-Jul-18","Control","Ex_11","5:55",NA,NA,"H",NA,"",2,0,NA,NA
"546","10-Jul-18","Control","Ex_11","7:55","Orthoptera",11,"H",NA,"",2,11,0.862932396224044,7.2934396922159
"547","10-Jul-18","Control","Ex_11","7:55","Coleoptera",6,"H",NA,"",2,6,0.347996608637887,2.22841774771135
"553","11-Jul-18","Control","Ex_11","21:59",NA,NA,"H",NA,"",2,0,NA,NA
"556","11-Jul-18","Control","Ex_11","23:57",NA,NA,"H",NA,"",2,0,NA,NA
"557","25-Jul-18","Experimental","Ex_11","11:57",NA,NA,"H",NA,"",NA,0,NA,NA
"558","25-Jul-18","Experimental","Ex_11","14:01",NA,NA,"H",NA,"",2,0,NA,NA
"559","25-Jul-18","Experimental","Ex_11","15:59",NA,NA,"H",NA,"",2,0,NA,NA
"560","28-Jul-18","Experimental","Ex_11","8:01",NA,NA,"H",NA,"",NA,0,NA,NA
"561","28-Jul-18","Experimental","Ex_11","9:59",NA,NA,"H",NA,"",2,0,NA,NA
"562","28-Jul-18","Experimental","Ex_11","11:57",NA,NA,"H",NA,"",2,0,NA,NA
"564","28-Jul-18","Experimental","Ex_11","21:57",NA,NA,"H",NA,"",2,0,NA,NA
"565","29-Jul-18","Experimental","Ex_11","0:00",NA,NA,"H",NA,"",2,0,NA,NA
"566","29-Jul-18","Experimental","Ex_11","15:55",NA,NA,"H",NA,"",NA,0,NA,NA
"567","29-Jul-18","Experimental","Ex_11","17:55",NA,NA,"H",NA,"collected nest",2,0,NA,NA
"573","08-Jul-18","Control","Ex_12","14:06","Hymenoptera",7,"H",NA,"",2,7,0.353256863656267,2.25557287725395
"576","08-Jul-18","Control","Ex_12","15:57","Hymenoptera",11,"H",NA,"",2,11,0.577229053765535,3.77771380982643
"579","09-Jul-18","Control","Ex_12","8:04","Orthoptera",30,"H",NA,"",NA,30,2.0306849626487,107.321062259114
"580","09-Jul-18","Control","Ex_12","8:04","Coleoptera",25,"H",NA,"",NA,25,2.18629006572126,153.564229739179
"581","09-Jul-18","Control","Ex_12","8:04","Hymenoptera",3,"H",NA,"",NA,3,-0.0666046483648651,0.857818388384165
"582","09-Jul-18","Control","Ex_12","8:04","Hymenoptera",3,"H",NA,"",NA,3,-0.0666046483648651,0.857818388384165
"583","09-Jul-18","Control","Ex_12","8:04","Hymenoptera",3,"H",NA,"",NA,3,-0.0666046483648651,0.857818388384165
"584","09-Jul-18","Control","Ex_12","8:04","Hymenoptera",3,"H",NA,"",NA,3,-0.0666046483648651,0.857818388384165
"587","09-Jul-18","Control","Ex_12","10:05","Hymenoptera",8,"H",NA,"",2,8,0.419425675157808,2.62679194073425
"588","09-Jul-18","Control","Ex_12","10:05","Hymenoptera",6,"H",NA,"",2,6,0.276870576687737,1.89177976876938
"591","09-Jul-18","Control","Ex_12","12:05","Coleoptera",10,"H",NA,"",2,10,1.006,10.1391138573668
"592","09-Jul-18","Control","Ex_12","12:05","Hymenoptera",10,"H",NA,"",2,10,0.53,3.38844156139203
"599","09-Jul-18","Control","Ex_12","18:10",NA,NA,"H",NA,"",2,0,NA,NA
"602","09-Jul-18","Control","Ex_12","20:09",NA,NA,"H",NA,"",2,0,NA,NA
"605","10-Jul-18","Control","Ex_12","4:05",NA,NA,"H",NA,"",NA,0,NA,NA
"608","10-Jul-18","Control","Ex_12","6:05",NA,NA,"H",NA,"",2,0,NA,NA
"611","10-Jul-18","Control","Ex_12","8:05",NA,NA,"H",NA,"",2,0,NA,NA
"620","11-Jul-18","Control","Ex_12","22:08","Hymenoptera",2,"H",NA,"",2,2,-0.267524774947397,0.540101303037557
"621","11-Jul-18","Control","Ex_12","22:08","Orthoptera",10,"H",NA,"",2,10,0.752,5.64936974812303
"624","12-Jul-18","Control","Ex_12","0:06",NA,NA,"H",NA,"",2,0,NA,NA
"625","25-Jul-18","Experimental","Ex_12","12:10","Hymenoptera",13,"H",NA,"",NA,13,0.660009364982101,4.57098046219197
"626","25-Jul-18","Experimental","Ex_12","12:10","Hymenoptera",6,"H",NA,"",NA,6,0.276870576687737,1.89177976876938
"627","25-Jul-18","Experimental","Ex_12","14:09","Coleoptera",1,"H",NA,"",2,1,-1.96,0.0109647819614319
"628","25-Jul-18","Experimental","Ex_12","16:06","Hymenoptera",5,"H",NA,"",2,5,0.186524774947397,1.53647244109077
"629","28-Jul-18","Experimental","Ex_12","8:13",NA,NA,"H",NA,"",NA,0,NA,NA
"630","28-Jul-18","Experimental","Ex_12","10:08",NA,NA,"H",NA,"",2,0,NA,NA
"631","28-Jul-18","Experimental","Ex_12","12:06",NA,NA,"H",NA,"",2,0,NA,NA
"632","28-Jul-18","Experimental","Ex_12","20:04",NA,NA,"H",NA,"",NA,0,NA,NA
"633","28-Jul-18","Experimental","Ex_12","22:06","Coleoptera",2,"H",NA,"",2,2,-1.06714503286063,0.0856751684795334
"634","29-Jul-18","Experimental","Ex_12","0:07",NA,NA,"H",NA,"",2,0,NA,NA
"635","29-Jul-18","Experimental","Ex_12","16:02","Coleoptera",4,"H",NA,"",NA,4,-0.174290065721263,0.669437342193888
"636","29-Jul-18","Experimental","Ex_12","18:06",NA,NA,"H",NA,"",2,0,NA,NA
"637","29-Jul-18","Experimental","Ex_12","20:00",NA,NA,"H",NA,"",2,0,NA,NA
"640","10-Jul-18","Control","Ex_06","4:03",NA,NA,"H",NA,"",NA,0,NA,NA
"643","18-Jul-18","Control","Iy_01","7:57","Larva",3,"H",NA,"",NA,3,-0.417202183909504,0.382646562399431
"644","18-Jul-18","Control","Iy_01","7:57","Larva",3,"H",NA,"",NA,3,-0.417202183909504,0.382646562399431
"645","18-Jul-18","Control","Iy_01","7:57","Larva",3,"H",NA,"",NA,3,-0.417202183909504,0.382646562399431
"646","18-Jul-18","Control","Iy_01","7:57","Larva",3,"H",NA,"",NA,3,-0.417202183909504,0.382646562399431
"649","18-Jul-18","Control","Iy_01","9:55",NA,NA,"H",NA,"",2,0,NA,NA
"652","18-Jul-18","Control","Iy_01","11:55","Diptera",6,"H",NA,"",2,6,0.215534433277262,1.64260988974196
"655","18-Jul-18","Control","Iy_01","13:57","Hymenoptera",7,"H",NA,"",2,7,0.353256863656267,2.25557287725395
"658","18-Jul-18","Control","Iy_01","15:59",NA,NA,"H",NA,"",2,0,NA,NA
"666","18-Jul-18","Control","Iy_01","22:06",NA,NA,"H",NA,"",2,0,NA,NA
"669","19-Jul-18","Control","Iy_01","0:01","Coleoptera",2,"H",NA,"",2,2,-1.06714503286063,0.0856751684795334
"672","19-Jul-18","Control","Iy_01","3:55",NA,NA,"H",NA,"",NA,0,NA,NA
"675","19-Jul-18","Control","Iy_01","5:55","Unknown",1,"H",NA,"",2,1,-1.412,0.0387257644921617
"676","19-Jul-18","Control","Iy_01","5:55","Unknown",1,"H",NA,"",2,1,-1.412,0.0387257644921617
"677","19-Jul-18","Control","Iy_01","5:55","Coleoptera",3,"H",NA,"",2,3,-0.544858358501481,0.28519482548175
"680","19-Jul-18","Control","Iy_01","7:56","Unknown",1,"H",NA,"",2,1,-1.412,0.0387257644921617
"686","19-Jul-18","Control","Iy_01","17:58",NA,NA,"H",NA,"",2,0,NA,NA
"689","19-Jul-18","Control","Iy_01","20:02","Diptera",6,"H",NA,"",2,6,0.215534433277262,1.64260988974196
"690","30-Jul-18","Experimental","Iy_01","8:06",NA,NA,"H",NA,"collected nest",NA,0,NA,NA
"693","18-Jul-18","Control","Iy_02","8:00",NA,NA,"H",NA,"",NA,0,NA,NA
"696","18-Jul-18","Control","Iy_02","9:57",NA,NA,"H",NA,"",2,0,NA,NA
"699","18-Jul-18","Control","Iy_02","11:56",NA,NA,"H",NA,"",2,0,NA,NA
"702","18-Jul-18","Control","Iy_02","14:00",NA,NA,"H",NA,"",2,0,NA,NA
"705","18-Jul-18","Control","Iy_02","16:00",NA,NA,"H",NA,"",2,0,NA,NA
"713","18-Jul-18","Control","Iy_02","22:08","Coleoptera",1,"H",NA,"",2,1,-1.96,0.0109647819614319
"716","19-Jul-18","Control","Iy_02","0:03",NA,NA,"H",NA,"",2,0,NA,NA
"719","19-Jul-18","Control","Iy_02","3:59",NA,NA,"H",NA,"",NA,0,NA,NA
"722","19-Jul-18","Control","Iy_02","5:57",NA,NA,"H",NA,"",2,0,NA,NA
"725","19-Jul-18","Control","Iy_02","7:58",NA,NA,"H",NA,"",2,0,NA,NA
"731","19-Jul-18","Control","Iy_02","18:00",NA,NA,"H",NA,"",2,0,NA,NA
"734","19-Jul-18","Control","Iy_02","20:04",NA,NA,"H",NA,"",2,0,NA,NA
"735","30-Jul-18","Experimental","Iy_02","8:10",NA,NA,"H",NA,"",NA,0,NA,NA
"736","30-Jul-18","Experimental","Iy_02","9:57",NA,NA,"H",NA,"",2,0,NA,NA
"737","30-Jul-18","Experimental","Iy_02","11:57",NA,NA,"H",NA,"",2,0,NA,NA
"738","30-Jul-18","Experimental","Iy_02","14:02","Coleoptera",2,"H",NA,"",2,2,-1.06714503286063,0.0856751684795334
"739","30-Jul-18","Experimental","Iy_02","14:02","Diptera",6,"H",NA,"",2,6,0.215534433277262,1.64260988974196
"740","30-Jul-18","Experimental","Iy_02","14:02","Diptera",7,"H",NA,"",2,7,0.351168629068884,2.24475335366436
"741","30-Jul-18","Experimental","Iy_02","15:57",NA,NA,"H",NA,"",2,0,NA,NA
"742","31-Jul-18","Experimental","Iy_02","15:57",NA,NA,"H",NA,"",NA,0,NA,NA
"743","31-Jul-18","Experimental","Iy_02","18:04",NA,NA,"H",NA,"",2,0,NA,NA
"744","31-Jul-18","Experimental","Iy_02","20:05",NA,NA,"H",NA,"",2,0,NA,NA
"745","31-Jul-18","Experimental","Iy_02","21:58",NA,NA,"H",NA,"",2,0,NA,NA
"746","31-Jul-18","Experimental","Iy_02","23:51",NA,NA,"H",NA,"",2,0,NA,NA
"749","18-Jul-18","Control","Iy_03","8:01",NA,NA,"H",NA,"",NA,0,NA,NA
"752","18-Jul-18","Control","Iy_03","9:58",NA,NA,"H",NA,"",2,0,NA,NA
"755","18-Jul-18","Control","Iy_03","11:59",NA,NA,"H",NA,"",2,0,NA,NA
"758","18-Jul-18","Control","Iy_03","14:01",NA,NA,"H",NA,"",2,0,NA,NA
"761","18-Jul-18","Control","Iy_03","16:02",NA,NA,"H",NA,"",2,0,NA,NA
"767","18-Jul-18","Control","Iy_03","22:10",NA,NA,"H",NA,"",2,0,NA,NA
"770","19-Jul-18","Control","Iy_03","0:05",NA,NA,"H",NA,"",2,0,NA,NA
"773","19-Jul-18","Control","Iy_03","4:00",NA,NA,"H",NA,"",NA,0,NA,NA
"776","19-Jul-18","Control","Iy_03","5:58",NA,NA,"H",NA,"",2,0,NA,NA
"779","19-Jul-18","Control","Iy_03","7:59",NA,NA,"H",NA,"",2,0,NA,NA
"785","19-Jul-18","Control","Iy_03","18:01",NA,NA,"H",NA,"parasitized spider",2,0,NA,NA
"788","19-Jul-18","Control","Iy_03","20:06","Coleoptera",2,"H",NA,"",2,2,-1.06714503286063,0.0856751684795334
"789","19-Jul-18","Control","Iy_03","20:06","Larva",18,"H",NA,"",2,18,1.20524317314039,16.0414334219848
"792","18-Jul-18","Control","Iy_05","8:06",NA,NA,"H",NA,"",NA,0,NA,NA
"795","18-Jul-18","Control","Iy_05","10:00","Hemiptera",12,"H",NA,"",2,12,0.980249371254443,9.55541098826006
"798","18-Jul-18","Control","Iy_05","12:04",NA,NA,"H",NA,"",2,0,NA,NA
"801","18-Jul-18","Control","Iy_05","14:05",NA,NA,"H",NA,"",2,0,NA,NA
"810","18-Jul-18","Control","Iy_05","22:13",NA,NA,"H",NA,"",2,0,NA,NA
"813","19-Jul-18","Control","Iy_05","0:08",NA,NA,"H",NA,"",2,0,NA,NA
"816","19-Jul-18","Control","Iy_05","4:04",NA,NA,"H",NA,"",NA,0,NA,NA
"819","19-Jul-18","Control","Iy_05","6:03",NA,NA,"H",NA,"",2,0,NA,NA
"822","19-Jul-18","Control","Iy_05","8:05",NA,NA,"H",NA,"",2,0,NA,NA
"828","19-Jul-18","Control","Iy_05","18:05","Diptera",7,"H",NA,"",2,7,0.351168629068884,2.24475335366436
"831","19-Jul-18","Control","Iy_05","20:10",NA,NA,"H",NA,"",2,0,NA,NA
"832","30-Jul-18","Experimental","Iy_05","8:23","Diptera",6,"H",NA,"",NA,6,0.215534433277262,1.64260988974196
"833","30-Jul-18","Experimental","Iy_05","8:23","Coleoptera",7,"H",NA,"",NA,7,0.546560786682286,3.52014689343836
"834","30-Jul-18","Experimental","Iy_05","10:05",NA,NA,"H",NA,"",2,0,NA,NA
"835","30-Jul-18","Experimental","Iy_05","12:01","Unknown",6,"H",NA,"",2,6,0.210445357049897,1.62347407205506
"836","30-Jul-18","Experimental","Iy_05","14:08","Coleoptera",18,"H",NA,"",2,18,1.76313825013641,57.9613176891647
"837","30-Jul-18","Experimental","Iy_05","16:01","Coleoptera",1,"H",NA,"",2,1,-1.96,0.0109647819614319
"838","31-Jul-18","Experimental","Iy_05","16:01","Diptera",8,"H",NA,"",NA,8,0.468660313645678,2.94211953500338
"839","31-Jul-18","Experimental","Iy_05","18:09","Coleoptera",7,"H",NA,"",2,7,0.546560786682286,3.52014689343836
"840","31-Jul-18","Experimental","Iy_05","20:08","Coleoptera",12,"H",NA,"",2,12,1.24085157577726,17.4121169622438
"841","31-Jul-18","Experimental","Iy_05","20:08","Hemiptera",6,"H",NA,"",2,6,0.218944512220234,1.65555842698004
"842","31-Jul-18","Experimental","Iy_05","20:08","Hemiptera",8,"H",NA,"",2,8,0.534914577102625,3.42700372984344
"843","31-Jul-18","Experimental","Iy_05","20:08","Diptera",7,"H",NA,"",2,7,0.351168629068884,2.24475335366436
"844","31-Jul-18","Experimental","Iy_05","22:03","Larva",2,"H",NA,"",2,2,-0.784352459040599,0.164303774687794
"845","31-Jul-18","Experimental","Iy_05","23:53",NA,NA,"H",NA,"",2,0,NA,NA
"848","18-Jul-18","Control","Iy_06","8:08",NA,NA,"H",NA,"",NA,0,NA,NA
"851","18-Jul-18","Control","Iy_06","10:03",NA,NA,"H",NA,"",2,0,NA,NA
"854","18-Jul-18","Control","Iy_06","12:06",NA,NA,"H",NA,"",2,0,NA,NA
"857","18-Jul-18","Control","Iy_06","14:07",NA,NA,"H",NA,"",2,0,NA,NA
"860","18-Jul-18","Control","Iy_06","16:08",NA,NA,"H",NA,"",2,0,NA,NA
"866","18-Jul-18","Control","Iy_06","22:14",NA,NA,"H",NA,"",2,0,NA,NA
"869","19-Jul-18","Control","Iy_06","0:09",NA,NA,"H",NA,"",2,0,NA,NA
"872","19-Jul-18","Control","Iy_06","4:06",NA,NA,"H",NA,"",NA,0,NA,NA
"875","19-Jul-18","Control","Iy_06","6:05",NA,NA,"H",NA,"",2,0,NA,NA
"878","19-Jul-18","Control","Iy_06","8:06","Diptera",10,"H",NA,"",2,10,0.665,4.6238102139926
"884","19-Jul-18","Control","Iy_06","18:06",NA,NA,"H",NA,"",2,0,NA,NA
"887","19-Jul-18","Control","Iy_06","20:12",NA,NA,"H",NA,"",2,0,NA,NA
"888","30-Jul-18","Experimental","Iy_06","8:27",NA,NA,"H",NA,"",NA,0,NA,NA
"889","30-Jul-18","Experimental","Iy_06","10:06",NA,NA,"H",NA,"",2,0,NA,NA
"890","30-Jul-18","Experimental","Iy_06","12:02",NA,NA,"H",NA,"",2,0,NA,NA
"891","30-Jul-18","Experimental","Iy_06","14:09",NA,NA,"H",NA,"",2,0,NA,NA
"892","30-Jul-18","Experimental","Iy_06","16:01",NA,NA,"H",NA,"",2,0,NA,NA
"893","31-Jul-18","Experimental","Iy_06","16:02",NA,NA,"H",NA,"",NA,0,NA,NA
"894","31-Jul-18","Experimental","Iy_06","18:09",NA,NA,"H",NA,"",2,0,NA,NA
"895","31-Jul-18","Experimental","Iy_06","20:10","Unknown",2,"H",NA,"",2,2,-0.784352459040599,0.164303774687794
"896","31-Jul-18","Experimental","Iy_06","22:04",NA,NA,"H",NA,"",2,0,NA,NA
"897","31-Jul-18","Experimental","Iy_06","23:54",NA,NA,"H",NA,"",2,0,NA,NA
"901","18-Jul-18","Control","Iy_07","8:10","Coleoptera",2,"H",NA,"",NA,2,-1.06714503286063,0.0856751684795334
"902","18-Jul-18","Control","Iy_07","8:10","Hemiptera",5,"H",NA,"",NA,5,0.0186951409657916,1.04398712070956
"905","18-Jul-18","Control","Iy_07","10:06","Diptera",2,"H",NA,"",2,2,-0.751113228784774,0.177372697643362
"908","18-Jul-18","Control","Iy_07","12:08","Hymenoptera",7,"H",NA,"",2,7,0.353256863656267,2.25557287725395
"911","18-Jul-18","Control","Iy_07","14:10",NA,NA,"H",NA,"",2,0,NA,NA
"914","18-Jul-18","Control","Iy_07","16:09",NA,NA,"H",NA,"",2,0,NA,NA
"923","18-Jul-18","Control","Iy_07","22:16","Unknown",1,"H",NA,"",2,1,-1.412,0.0387257644921617
"926","19-Jul-18","Control","Iy_07","0:10",NA,NA,"H",NA,"",2,0,NA,NA
"929","19-Jul-18","Control","Iy_07","4:07",NA,NA,"H",NA,"",NA,0,NA,NA
"932","19-Jul-18","Control","Iy_07","6:06",NA,NA,"H",NA,"",2,0,NA,NA
"935","19-Jul-18","Control","Iy_07","8:08","Diptera",2,"H",NA,"",2,2,-0.751113228784774,0.177372697643362
"941","19-Jul-18","Control","Iy_07","18:07",NA,NA,"H",NA,"",2,0,NA,NA
"944","19-Jul-18","Control","Iy_07","20:13",NA,NA,"H",NA,"",2,0,NA,NA
"945","30-Jul-18","Experimental","Iy_07","8:32","Hymenoptera",9,"H",NA,"",NA,9,0.47779070327027,3.00462795275033
"946","30-Jul-18","Experimental","Iy_07","10:08",NA,NA,"H",NA,"",2,0,NA,NA
"947","30-Jul-18","Experimental","Iy_07","12:02","Coleoptera",6,"H",NA,"",2,6,0.347996608637887,2.22841774771135
"948","30-Jul-18","Experimental","Iy_07","14:10","Hymenoptera",4,"H",NA,"",2,4,0.0759504501052051,1.1911061035857
"949","30-Jul-18","Experimental","Iy_07","16:02",NA,NA,"H",NA,"",2,0,NA,NA
"950","31-Jul-18","Experimental","Iy_07","16:03",NA,NA,"H",NA,"",NA,0,NA,NA
"951","31-Jul-18","Experimental","Iy_07","18:10",NA,NA,"H",NA,"",2,0,NA,NA
"952","31-Jul-18","Experimental","Iy_07","20:11",NA,NA,"H",NA,"",2,0,NA,NA
"953","31-Jul-18","Experimental","Iy_07","22:04",NA,NA,"H",NA,"",2,0,NA,NA
"954","31-Jul-18","Experimental","Iy_07","23:55",NA,NA,"H",NA,"",2,0,NA,NA
"957","18-Jul-18","Control","Iy_08","8:14",NA,NA,"H",NA,"",NA,0,NA,NA
"960","18-Jul-18","Control","Iy_08","10:08","Coleoptera",12,"H",NA,"",2,12,1.24085157577726,17.4121169622438
"963","18-Jul-18","Control","Iy_08","12:10",NA,NA,"H",NA,"",2,0,NA,NA
"966","18-Jul-18","Control","Iy_08","14:13",NA,NA,"H",NA,"",2,0,NA,NA
"975","18-Jul-18","Control","Iy_08","22:18",NA,NA,"H",NA,"",2,0,NA,NA
"978","19-Jul-18","Control","Iy_08","0:12",NA,NA,"H",NA,"",2,0,NA,NA
"981","19-Jul-18","Control","Iy_08","4:09",NA,NA,"H",NA,"",NA,0,NA,NA
"984","19-Jul-18","Control","Iy_08","6:07",NA,NA,"H",NA,"",2,0,NA,NA
"987","19-Jul-18","Control","Iy_08","8:10","Coleoptera",6,"H",NA,"",2,6,0.347996608637887,2.22841774771135
"995","19-Jul-18","Control","Iy_08","18:09",NA,NA,"H",NA,"",2,0,NA,NA
"998","19-Jul-18","Control","Iy_08","20:15",NA,NA,"H",NA,"",2,0,NA,NA
"999","30-Jul-18","Experimental","Iy_08","8:38",NA,NA,"H",NA,"",NA,0,NA,NA
"1000","30-Jul-18","Experimental","Iy_08","10:09",NA,NA,"H",NA,"",2,0,NA,NA
"1001","30-Jul-18","Experimental","Iy_08","12:03",NA,NA,"H",NA,"",2,0,NA,NA
"1002","30-Jul-18","Experimental","Iy_08","14:11",NA,NA,"H",NA,"",2,0,NA,NA
"1003","30-Jul-18","Experimental","Iy_08","16:03",NA,NA,"H",NA,"",2,0,NA,NA
"1004","31-Jul-18","Experimental","Iy_08","16:04","Coleoptera",2,"H",NA,"",NA,2,-1.06714503286063,0.0856751684795334
"1005","31-Jul-18","Experimental","Iy_08","18:11",NA,NA,"H",NA,"",2,0,NA,NA
"1006","31-Jul-18","Experimental","Iy_08","20:12","Lepidoptera",12,"H",NA,"",2,12,0.741952835676593,5.5201748699919
"1007","31-Jul-18","Experimental","Iy_08","22:05","Larva",3,"H",NA,"",2,3,-0.417202183909504,0.382646562399431
"1008","31-Jul-18","Experimental","Iy_08","23:56",NA,NA,"H",NA,"",2,0,NA,NA
"1011","18-Jul-18","Control","Iy_11","8:20","Coleoptera",11,"H",NA,"Nest partially destroyed",NA,11,1.1287707041793,13.4514996349072
"1014","18-Jul-18","Control","Iy_11","10:10","Coleoptera",3,"H",NA,"",2,3,-0.544858358501481,0.28519482548175
"1015","18-Jul-18","Control","Iy_11","10:10","Coleoptera",7,"H",NA,"",2,7,0.546560786682286,3.52014689343836
"1016","18-Jul-18","Control","Iy_11","10:10","Coleoptera",7,"H",NA,"",2,7,0.546560786682286,3.52014689343836
"1019","18-Jul-18","Control","Iy_11","12:13",NA,NA,"H",NA,"",2,0,NA,NA
"1022","18-Jul-18","Control","Iy_11","14:16","Hymenoptera",4,"H",NA,"",2,4,0.0759504501052051,1.1911061035857
"1025","18-Jul-18","Control","Iy_11","16:13","Coleoptera",4,"H",NA,"",2,4,-0.174290065721263,0.669437342193888
"1026","18-Jul-18","Control","Iy_11","16:13","Coleoptera",5,"H",NA,"",2,5,0.113145032860632,1.29761253699451
"1033","18-Jul-18","Control","Iy_11","22:19",NA,NA,"H",NA,"",2,0,NA,NA
"1036","19-Jul-18","Control","Iy_11","0:15",NA,NA,"H",NA,"",2,0,NA,NA
"1039","19-Jul-18","Control","Iy_11","4:10",NA,NA,"H",NA,"",NA,0,NA,NA
"1042","19-Jul-18","Control","Iy_11","6:09",NA,NA,"H",NA,"",2,0,NA,NA
"1045","19-Jul-18","Control","Iy_11","8:12",NA,NA,"H",NA,"",2,0,NA,NA
"1050","19-Jul-18","Control","Iy_11","18:10",NA,NA,"H",4,"",2,0,NA,NA
"1051","19-Jul-18","Control","Iy_11","18:10","Coleoptera",2,"H",NA,"",2,2,-1.06714503286063,0.0856751684795334
"1052","19-Jul-18","Control","Iy_11","18:10","Coleoptera",11,"H",NA,"",2,11,1.1287707041793,13.4514996349072
"1055","19-Jul-18","Control","Iy_11","20:16",NA,NA,"H",NA,"",2,0,NA,NA
"1056","30-Jul-18","Experimental","Iy_11","8:51","Orthoptera",50,"H",NA,"",NA,50,2.62523961162053,421.929228609388
"1057","30-Jul-18","Experimental","Iy_11","8:51","Coleoptera",9,"H",NA,"",NA,9,0.870283282997038,7.41793943259994
"1058","30-Jul-18","Experimental","Iy_11","8:51","Coleoptera",8,"H",NA,"",NA,8,0.718564901418105,5.23076129381261
"1059","30-Jul-18","Experimental","Iy_11","8:51","Coleoptera",15,"H",NA,"",NA,15,1.52828667435915,33.7510022846595
"1060","30-Jul-18","Experimental","Iy_11","10:11","Coleoptera",15,"H",NA,"",2,15,1.52828667435915,33.7510022846595
"1061","30-Jul-18","Experimental","Iy_11","12:04",NA,NA,"H",NA,"",2,0,NA,NA
"1062","30-Jul-18","Experimental","Iy_11","14:12",NA,NA,"H",NA,"",2,0,NA,NA
"1063","30-Jul-18","Experimental","Iy_11","16:05","Diptera",4,"H",NA,"",2,4,-0.141226457569548,0.722393022331185
"1064","30-Jul-18","Experimental","Iy_11","16:05","Hemiptera",11,"H",NA,"",NA,11,0.884682100765151,7.66799993924717
"1065","30-Jul-18","Experimental","Iy_11","16:05","Coleoptera",23,"H",NA,"",NA,23,2.07888476162818,119.918106284264
"1066","30-Jul-18","Experimental","Iy_11","16:05","Coleoptera",8,"H",NA,"",NA,8,0.718564901418105,5.23076129381261
"1067","31-Jul-18","Experimental","Iy_11","16:06","Coleoptera",8,"H",NA,"",NA,8,0.718564901418105,5.23076129381261
"1068","31-Jul-18","Experimental","Iy_11","16:06","Unknown",2,"H",NA,"",NA,2,-0.784352459040599,0.164303774687794
"1069","31-Jul-18","Experimental","Iy_11","16:06","Coleoptera",10,"H",NA,"",NA,10,1.006,10.1391138573668
"1070","31-Jul-18","Experimental","Iy_11","18:12","Orthoptera",17,"H",NA,"",2,17,1.36960310929377,23.4208746270639
"1071","31-Jul-18","Experimental","Iy_11","18:12","Hemiptera",10,"H",NA,"",2,10,0.78,6.02559586074358
"1072","31-Jul-18","Experimental","Iy_11","18:12","Coleoptera",2,"H",NA,"",2,2,-1.06714503286063,0.0856751684795334
"1073","31-Jul-18","Experimental","Iy_11","20:14","Diptera",3,"H",NA,"",2,3,-0.394352337937964,0.403318053071702
"1074","31-Jul-18","Experimental","Iy_11","20:14","Coleoptera",2,"H",NA,"",2,2,-1.06714503286063,0.0856751684795334
"1075","31-Jul-18","Experimental","Iy_11","20:14","Larva",2,"H",NA,"",2,2,-0.784352459040599,0.164303774687794
"1076","31-Jul-18","Experimental","Iy_11","20:14","Unknown",5,"H",NA,"",2,5,0.0453524590405994,1.11007535023791
"1077","31-Jul-18","Experimental","Iy_11","22:08","Hemiptera",3,"H",NA,"",2,3,-0.542360346813974,0.286839959946476
"1078","31-Jul-18","Experimental","Iy_11","22:08","Unknown",2,"H",NA,"",2,2,-0.784352459040599,0.164303774687794
"1079","31-Jul-18","Experimental","Iy_11","23:57",NA,NA,"H",NA,"",2,0,NA,NA
