"","Date","Treatment","Nest","Time","Order","Size","Code","X..Seen","Notes","Interval","SizeNoNA"
"1","08-Jul-18","Control","Ex_01","12:58",NA,NA,"H",NA,"",NA,0
"6","08-Jul-18","Control","Ex_01","14:55","Coleoptera",4,"H",NA,"",2,4
"9","08-Jul-18","Control","Ex_01","16:40",NA,NA,"H",NA,"",2,0
"12","09-Jul-18","Control","Ex_01","8:59","Coleoptera",12,"H",NA,"",NA,12
"15","09-Jul-18","Control","Ex_01","10:52",NA,NA,"H",NA,"",2,0
"18","09-Jul-18","Control","Ex_01","12:52",NA,NA,"H",NA,"",2,0
"21","09-Jul-18","Control","Ex_01","17:00",NA,NA,"H",NA,"",NA,0
"24","09-Jul-18","Control","Ex_01","19:01","Lepidoptera",11,"H",NA,"headlamp catch",2,11
"27","09-Jul-18","Control","Ex_01","21:04","Coleoptera",11,"H",NA,"",2,11
"30","10-Jul-18","Control","Ex_01","4:55","Coleoptera",12,"H",NA,"",NA,12
"33","10-Jul-18","Control","Ex_01","6:50","Coleoptera",10,"H",NA,"",2,10
"36","10-Jul-18","Control","Ex_01","8:45",NA,NA,"H",NA,"",2,0
"39","11-Jul-18","Control","Ex_01","21:00","Hemiptera",12,"H",NA,"",NA,12
"42","11-Jul-18","Control","Ex_01","22:55",NA,NA,"H",NA,"",2,0
"43","25-Jul-18","Experimental","Ex_01","13:16",NA,NA,"H",NA,"",2,0
"44","25-Jul-18","Experimental","Ex_01","14:51",NA,NA,"H",NA,"",2,0
"45","25-Jul-18","Experimental","Ex_01","16:44",NA,NA,"H",NA,"",2,0
"46","28-Jul-18","Experimental","Ex_01","9:00",NA,NA,"H",NA,"",NA,0
"47","28-Jul-18","Experimental","Ex_01","10:46",NA,NA,"H",NA,"",2,0
"48","28-Jul-18","Experimental","Ex_01","12:41","Coleoptera",3,"H",NA,"",NA,3
"49","28-Jul-18","Experimental","Ex_01","20:47","Hemiptera",10,"H",NA,"",NA,10
"50","28-Jul-18","Experimental","Ex_01","20:47","Hemiptera",9,"H",NA,"",NA,9
"51","28-Jul-18","Experimental","Ex_01","22:45",NA,NA,"H",NA,"",2,0
"52","29-Jul-18","Experimental","Ex_01","0:46",NA,NA,"H",NA,"",2,0
"53","29-Jul-18","Experimental","Ex_01","16:44","Coleoptera",8,"H",NA,"",NA,8
"54","29-Jul-18","Experimental","Ex_01","18:45","Orthoptera",5,"H",NA,"",2,5
"55","29-Jul-18","Experimental","Ex_01","20:31",NA,NA,"H",NA,"",2,0
"57","08-Jul-18","Control","Ex_02","12:52",NA,NA,"H",NA,"",NA,0
"61","08-Jul-18","Control","Ex_02","14:48",NA,NA,"H",NA,"",2,0
"64","08-Jul-18","Control","Ex_02","16:36",NA,NA,"H",NA,"",2,0
"67","09-Jul-18","Control","Ex_02","8:51",NA,NA,"H",NA,"",NA,0
"70","09-Jul-18","Control","Ex_02","10:45",NA,NA,"H",NA,"",2,0
"73","09-Jul-18","Control","Ex_02","12:45",NA,NA,"H",NA,"",2,0
"76","09-Jul-18","Control","Ex_02","16:54",NA,NA,"H",NA,"",NA,0
"79","09-Jul-18","Control","Ex_02","18:55",NA,NA,"H",NA,"",2,0
"82","09-Jul-18","Control","Ex_02","20:57",NA,NA,"H",NA,"",2,0
"85","10-Jul-18","Control","Ex_02","4:48",NA,NA,"H",NA,"",NA,0
"88","10-Jul-18","Control","Ex_02","6:45",NA,NA,"H",NA,"",2,0
"91","10-Jul-18","Control","Ex_02","8:40",NA,NA,"H",NA,"",2,0
"94","11-Jul-18","Control","Ex_02","20:55",NA,NA,"H",NA,"",NA,0
"97","11-Jul-18","Control","Ex_02","22:50",NA,NA,"H",NA,"",2,0
"98","25-Jul-18","Experimental","Ex_02","13:01",NA,NA,"H",NA,"",2,0
"99","25-Jul-18","Experimental","Ex_02","14:46",NA,NA,"H",NA,"",2,0
"100","25-Jul-18","Experimental","Ex_02","16:39",NA,NA,"H",NA,"",2,0
"101","28-Jul-18","Experimental","Ex_02","8:51",NA,NA,"H",NA,"",NA,0
"102","28-Jul-18","Experimental","Ex_02","10:40",NA,NA,"H",NA,"",2,0
"103","28-Jul-18","Experimental","Ex_02","12:36",NA,NA,"H",NA,"",2,0
"104","28-Jul-18","Experimental","Ex_02","20:41",NA,NA,"H",NA,"",NA,0
"105","28-Jul-18","Experimental","Ex_02","22:40",NA,NA,"H",NA,"",2,0
"106","29-Jul-18","Experimental","Ex_02","0:42",NA,NA,"H",NA,"",2,0
"107","29-Jul-18","Experimental","Ex_02","16:39",NA,NA,"H",NA,"",NA,0
"108","29-Jul-18","Experimental","Ex_02","18:40",NA,NA,"H",NA,"",2,0
"109","29-Jul-18","Experimental","Ex_02","20:31",NA,NA,"H",NA,"",2,0
"112","08-Jul-18","Control","Ex_03","12:53","Hymenoptera",18,"H",NA,"",NA,18
"115","08-Jul-18","Control","Ex_03","14:49",NA,NA,"H",NA,"",2,0
"118","08-Jul-18","Control","Ex_03","16:37",NA,NA,"H",NA,"",2,0
"121","09-Jul-18","Control","Ex_03","8:52",NA,NA,"H",NA,"",NA,0
"124","09-Jul-18","Control","Ex_03","10:46",NA,NA,"H",NA,"",2,0
"127","09-Jul-18","Control","Ex_03","12:46",NA,NA,"H",NA,"parasitoid adult seen",2,0
"130","09-Jul-18","Control","Ex_03","16:55",NA,NA,"H",NA,"",NA,0
"133","09-Jul-18","Control","Ex_03","18:56",NA,NA,"H",NA,"",2,0
"136","09-Jul-18","Control","Ex_03","20:58",NA,NA,"H",NA,"",2,0
"139","10-Jul-18","Control","Ex_03","4:49",NA,NA,"H",NA,"",NA,0
"142","10-Jul-18","Control","Ex_03","6:46",NA,NA,"H",NA,"",2,0
"145","10-Jul-18","Control","Ex_03","8:41",NA,NA,"H",NA,"",2,0
"148","11-Jul-18","Control","Ex_03","20:56",NA,NA,"H",NA,"",NA,0
"151","11-Jul-18","Control","Ex_03","22:51",NA,NA,"H",NA,"",2,0
"152","25-Jul-18","Experimental","Ex_03","13:04",NA,NA,"H",NA,"",NA,0
"153","25-Jul-18","Experimental","Ex_03","14:46",NA,NA,"H",NA,"",2,0
"154","25-Jul-18","Experimental","Ex_03","16:39",NA,NA,"H",NA,"",2,0
"155","28-Jul-18","Experimental","Ex_03","8:52",NA,NA,"H",NA,"",NA,0
"156","28-Jul-18","Experimental","Ex_03","10:40",NA,NA,"H",NA,"",2,0
"157","28-Jul-18","Experimental","Ex_03","12:37",NA,NA,"H",NA,"",2,0
"158","28-Jul-18","Experimental","Ex_03","20:42",NA,NA,"H",NA,"",NA,0
"159","28-Jul-18","Experimental","Ex_03","22:41",NA,NA,"H",NA,"",2,0
"160","29-Jul-18","Experimental","Ex_03","0:43",NA,NA,"H",NA,"",2,0
"161","29-Jul-18","Experimental","Ex_03","16:39",NA,NA,"H",NA,"",NA,0
"162","29-Jul-18","Experimental","Ex_03","18:40",NA,NA,"H",NA,"",2,0
"163","29-Jul-18","Experimental","Ex_03","20:31",NA,NA,"H",NA,"",2,0
"166","08-Jul-18","Control","Ex_04","12:20",NA,NA,"H",NA,"",NA,0
"169","08-Jul-18","Control","Ex_04","14:10","Hymenoptera",3,"H",NA,"",2,3
"172","08-Jul-18","Control","Ex_04","16:04",NA,NA,"H",NA,"one parasitized",2,0
"175","09-Jul-18","Control","Ex_04","8:12",NA,NA,"H",NA,"",NA,0
"178","09-Jul-18","Control","Ex_04","10:11",NA,NA,"H",NA,"",2,0
"181","09-Jul-18","Control","Ex_04","12:10",NA,NA,"H",NA,"",2,0
"187","09-Jul-18","Control","Ex_04","16:15","Coleoptera",1,"H",NA,"",NA,1
"190","09-Jul-18","Control","Ex_04","18:15","Lepidoptera",9,"H",NA,"",2,9
"193","09-Jul-18","Control","Ex_04","20:19",NA,NA,"H",NA,"",2,0
"196","10-Jul-18","Control","Ex_04","4:11",NA,NA,"H",NA,"",NA,0
"199","10-Jul-18","Control","Ex_04","6:10",NA,NA,"H",NA,"",2,0
"202","10-Jul-18","Control","Ex_04","8:10",NA,NA,"H",NA,"",2,0
"205","11-Jul-18","Control","Ex_04","20:17",NA,NA,"H",NA,"3 parasitized seen",NA,0
"208","11-Jul-18","Control","Ex_04","22:15",NA,NA,"H",NA,"",2,0
"211","12-Jul-18","Control","Ex_04","0:10",NA,NA,"H",NA,"",2,0
"212","25-Jul-18","Experimental","Ex_04","12:20","Hymenoptera",8,"H",NA,"",NA,8
"213","25-Jul-18","Experimental","Ex_04","12:20","Hemiptera",4,"H",NA,"",NA,4
"214","25-Jul-18","Experimental","Ex_04","14:14",NA,NA,"H",NA,"",2,0
"215","25-Jul-18","Experimental","Ex_04","16:10",NA,NA,"H",NA,"",2,0
"216","28-Jul-18","Experimental","Ex_04","8:17","Diptera",8,"H",NA,"",NA,8
"217","28-Jul-18","Experimental","Ex_04","10:10",NA,NA,"H",NA,"",2,0
"218","28-Jul-18","Experimental","Ex_04","12:08",NA,NA,"H",NA,"",2,0
"219","28-Jul-18","Experimental","Ex_04","20:07","Coleoptera",12,"H",NA,"",NA,12
"220","28-Jul-18","Experimental","Ex_04","22:08","Coleoptera",2,"H",NA,"",2,2
"221","29-Jul-18","Experimental","Ex_04","0:09",NA,NA,"H",NA,"",2,0
"222","29-Jul-18","Experimental","Ex_04","16:06",NA,NA,"H",NA,"",NA,0
"223","29-Jul-18","Experimental","Ex_04","18:08","Hemiptera",7,"H",NA,"",2,7
"224","29-Jul-18","Experimental","Ex_04","18:08","Hymenoptera",4,"H",NA,"",2,4
"225","29-Jul-18","Experimental","Ex_04","20:03",NA,NA,"H",NA,"",2,0
"228","08-Jul-18","Control","Ex_05","12:20",NA,NA,"H",NA,"",NA,0
"231","08-Jul-18","Control","Ex_05","14:21",NA,NA,"H",NA,"",2,0
"234","08-Jul-18","Control","Ex_05","16:12",NA,NA,"H",NA,"",2,0
"237","09-Jul-18","Control","Ex_05","8:21",NA,NA,"H",NA,"",NA,0
"240","09-Jul-18","Control","Ex_05","10:22",NA,NA,"H",NA,"",2,0
"243","09-Jul-18","Control","Ex_05","12:18",NA,NA,"H",NA,"",2,0
"246","09-Jul-18","Control","Ex_05","16:26","Orthoptera",12,"H",NA,"",NA,12
"249","09-Jul-18","Control","Ex_05","18:25",NA,NA,"H",NA,"",2,0
"252","09-Jul-18","Control","Ex_05","20:30",NA,NA,"H",NA,"",2,0
"255","10-Jul-18","Control","Ex_05","4:20",NA,NA,"H",NA,"",NA,0
"258","10-Jul-18","Control","Ex_05","6:19",NA,NA,"H",NA,"",2,0
"261","10-Jul-18","Control","Ex_05","8:18",NA,NA,"H",NA,"",2,0
"264","11-Jul-18","Control","Ex_05","20:27","Orthoptera",11,"H",NA,"",NA,11
"267","11-Jul-18","Control","Ex_05","22:23","Hymenoptera",13,"H",NA,"headlamp catch",2,13
"268","25-Jul-18","Experimental","Ex_05","12:30","Hymenoptera",7,"H",NA,"",NA,7
"269","25-Jul-18","Experimental","Ex_05","12:30","Hymenoptera",4,"H",NA,"",NA,4
"270","25-Jul-18","Experimental","Ex_05","14:23",NA,NA,"H",NA,"",2,0
"271","25-Jul-18","Experimental","Ex_05","16:16",NA,NA,"H",NA,"",2,0
"272","28-Jul-18","Experimental","Ex_05","8:26",NA,NA,"H",NA,"nest moved and half the size",NA,0
"273","28-Jul-18","Experimental","Ex_05","10:16",NA,NA,"H",NA,"",2,0
"274","28-Jul-18","Experimental","Ex_05","12:15",NA,NA,"H",NA,"",2,0
"275","28-Jul-18","Experimental","Ex_05","20:15","Diptera",3,"H",NA,"",NA,3
"276","28-Jul-18","Experimental","Ex_05","22:15","Hemiptera",6,"H",NA,"",2,6
"277","29-Jul-18","Experimental","Ex_05","0:16",NA,NA,"H",NA,"",2,0
"278","29-Jul-18","Experimental","Ex_05","16:13",NA,NA,"H",NA,"",NA,0
"279","29-Jul-18","Experimental","Ex_05","18:15",NA,NA,"H",NA,"",2,0
"280","29-Jul-18","Experimental","Ex_05","20:08",NA,NA,"H",NA,"",2,0
"283","08-Jul-18","Control","Ex_06","12:15",NA,NA,"H",NA,"",NA,0
"286","08-Jul-18","Control","Ex_06","14:02",NA,NA,"H",NA,"",2,0
"289","08-Jul-18","Control","Ex_06","15:54",NA,NA,"H",NA,"",2,0
"292","09-Jul-18","Control","Ex_06","7:59",NA,NA,"H",NA,"",NA,0
"295","09-Jul-18","Control","Ex_06","10:00",NA,NA,"H",NA,"",2,0
"298","09-Jul-18","Control","Ex_06","12:00","Coleoptera",3,"H",NA,"",2,3
"301","09-Jul-18","Control","Ex_06","16:04","Diptera",7,"H",NA,"",NA,7
"304","09-Jul-18","Control","Ex_06","18:05",NA,NA,"H",NA,"",2,0
"307","09-Jul-18","Control","Ex_06","20:05","Lepidoptera",7,"H",NA,"",2,7
"310","10-Jul-18","Control","Ex_06","6:03",NA,NA,"H",NA,"",NA,0
"313","10-Jul-18","Control","Ex_06","8:03",NA,NA,"H",NA,"",2,0
"316","11-Jul-18","Control","Ex_06","20:04","Orthoptera",11,"H",NA,"",NA,11
"319","11-Jul-18","Control","Ex_06","22:05",NA,NA,"H",NA,"",2,0
"322","12-Jul-18","Control","Ex_06","0:04",NA,NA,"H",NA,"",2,0
"323","25-Jul-18","Experimental","Ex_06","12:04",NA,NA,"H",NA,"",NA,0
"324","25-Jul-18","Experimental","Ex_06","14:07",NA,NA,"H",NA,"",2,0
"325","25-Jul-18","Experimental","Ex_06","16:04","Coleoptera",13,"H",NA,"",2,13
"326","28-Jul-18","Experimental","Ex_06","8:08",NA,NA,"H",NA,"",NA,0
"327","28-Jul-18","Experimental","Ex_06","10:04","Unknown",1,"H",NA,"",2,1
"328","28-Jul-18","Experimental","Ex_06","12:03",NA,NA,"H",NA,"",2,0
"329","28-Jul-18","Experimental","Ex_06","20:01",NA,NA,"H",NA,"",NA,0
"330","28-Jul-18","Experimental","Ex_06","22:03",NA,NA,"H",NA,"",2,0
"331","29-Jul-18","Experimental","Ex_06","0:05",NA,NA,"H",NA,"",2,0
"332","29-Jul-18","Experimental","Ex_06","16:00",NA,NA,"H",NA,"",NA,0
"333","29-Jul-18","Experimental","Ex_06","18:05",NA,NA,"H",NA,"",2,0
"334","29-Jul-18","Experimental","Ex_06","19:58",NA,NA,"H",NA,"",2,0
"337","08-Jul-18","Control","Ex_07","12:17",NA,NA,"H",NA,"",NA,0
"340","08-Jul-18","Control","Ex_07","14:04",NA,NA,"H",NA,"",2,0
"343","08-Jul-18","Control","Ex_07","15:56",NA,NA,"H",NA,"",2,0
"346","09-Jul-18","Control","Ex_07","8:01","Diptera",3,"H",NA,"",NA,3
"349","09-Jul-18","Control","Ex_07","10:02","Unknown",2,"H",NA,"",2,2
"352","09-Jul-18","Control","Ex_07","12:01",NA,NA,"H",NA,"",2,0
"355","09-Jul-18","Control","Ex_07","16:06",NA,NA,"H",NA,"",NA,0
"358","09-Jul-18","Control","Ex_07","18:07",NA,NA,"H",NA,"",2,0
"361","09-Jul-18","Control","Ex_07","20:07","Diptera",1,"H",NA,"",2,1
"362","09-Jul-18","Control","Ex_07","20:07","Coleoptera",1,"H",NA,"",2,1
"365","10-Jul-18","Control","Ex_07","4:04",NA,NA,"H",NA,"",NA,0
"368","10-Jul-18","Control","Ex_07","6:04",NA,NA,"H",NA,"",2,0
"371","10-Jul-18","Control","Ex_07","8:04",NA,NA,"H",NA,"",2,0
"374","11-Jul-18","Control","Ex_07","20:07",NA,NA,"H",NA,"",NA,0
"377","11-Jul-18","Control","Ex_07","22:07",NA,NA,"H",NA,"",2,0
"380","12-Jul-18","Control","Ex_07","0:05",NA,NA,"H",NA,"",2,0
"381","25-Jul-18","Experimental","Ex_07","12:06","Hymenoptera",8,"H",NA,"",NA,8
"382","25-Jul-18","Experimental","Ex_07","12:06","Hemiptera",11,"H",NA,"",NA,11
"383","25-Jul-18","Experimental","Ex_07","14:07","Coleoptera",4,"H",NA,"",2,4
"384","25-Jul-18","Experimental","Ex_07","16:05",NA,NA,"H",NA,"",2,0
"385","28-Jul-18","Experimental","Ex_07","8:10",NA,NA,"H",NA,"",NA,0
"386","28-Jul-18","Experimental","Ex_07","10:05",NA,NA,"H",NA,"",2,0
"387","28-Jul-18","Experimental","Ex_07","12:04","Unknown",4,"H",NA,"",2,4
"388","28-Jul-18","Experimental","Ex_07","20:02",NA,NA,"H",NA,"",NA,0
"389","28-Jul-18","Experimental","Ex_07","22:04",NA,NA,"H",NA,"",2,0
"390","29-Jul-18","Experimental","Ex_07","0:06",NA,NA,"H",NA,"",2,0
"391","29-Jul-18","Experimental","Ex_07","16:00","Coleoptera",18,"H",NA,"Cerambycidae",NA,18
"392","29-Jul-18","Experimental","Ex_07","18:05",NA,NA,"H",NA,"",2,0
"393","29-Jul-18","Experimental","Ex_07","19:59",NA,NA,"H",NA,"",2,0
"395","08-Jul-18","Control","Ex_09","12:37",NA,NA,"H",NA,"",NA,0
"399","08-Jul-18","Control","Ex_09","14:32",NA,NA,"H",NA,"",2,0
"402","08-Jul-18","Control","Ex_09","16:22",NA,NA,"H",NA,"",2,0
"405","09-Jul-18","Control","Ex_09","8:32","Hymenoptera",4,"H",NA,"",NA,4
"406","09-Jul-18","Control","Ex_09","8:32","Coleoptera",7,"H",NA,"",NA,7
"407","09-Jul-18","Control","Ex_09","8:32","Coleoptera",3,"H",NA,"",NA,3
"410","09-Jul-18","Control","Ex_09","10:31","Coleoptera",7,"H",NA,"",2,7
"413","09-Jul-18","Control","Ex_09","12:27","Hymenoptera",5,"H",NA,"",2,5
"414","09-Jul-18","Control","Ex_09","12:27","Hemiptera",10,"H",NA,"",2,10
"415","09-Jul-18","Control","Ex_09","12:27","Diptera",11,"H",NA,"",2,11
"418","09-Jul-18","Control","Ex_09","16:38","Hymenoptera",10,"H",NA,"",NA,10
"421","09-Jul-18","Control","Ex_09","18:35","Diptera",9,"H",NA,"",2,9
"424","09-Jul-18","Control","Ex_09","20:40","Coleoptera",10,"H",NA,"",2,10
"427","10-Jul-18","Control","Ex_09","4:32","Coleoptera",12,"H",NA,"",NA,12
"430","10-Jul-18","Control","Ex_09","6:29","Coleoptera",9,"H",NA,"",2,9
"431","10-Jul-18","Control","Ex_09","6:29","Hymenoptera",7,"H",NA,"",2,7
"434","10-Jul-18","Control","Ex_09","8:27","Coleoptera",5,"H",NA,"",2,5
"437","11-Jul-18","Control","Ex_09","20:38","Diptera",1,"H",NA,"",NA,1
"438","11-Jul-18","Control","Ex_09","20:38","Coleoptera",6,"H",NA,"",NA,6
"442","11-Jul-18","Control","Ex_09","22:33",NA,NA,"H",NA,"",2,0
"443","25-Jul-18","Experimental","Ex_09","12:46",NA,NA,"H",NA,"adult parasitoid seen",NA,0
"444","25-Jul-18","Experimental","Ex_09","14:31","Coleoptera",14,"H",NA,"",2,14
"445","25-Jul-18","Experimental","Ex_09","16:25","Hymenoptera",5,"H",NA,"",2,5
"446","28-Jul-18","Experimental","Ex_09","8:39",NA,NA,"H",NA,"",NA,0
"447","28-Jul-18","Experimental","Ex_09","10:26",NA,NA,"H",NA,"",2,0
"448","28-Jul-18","Experimental","Ex_09","12:25",NA,NA,"H",NA,"",2,0
"449","28-Jul-18","Experimental","Ex_09","20:28","Hymenoptera",6,"H",NA,"",NA,6
"450","28-Jul-18","Experimental","Ex_09","20:28","Coleoptera",16,"H",NA,"",NA,16
"451","28-Jul-18","Experimental","Ex_09","22:25",NA,NA,"H",NA,"",2,0
"452","29-Jul-18","Experimental","Ex_09","0:27","Unknown",12,"H",NA,"",2,12
"453","29-Jul-18","Experimental","Ex_09","16:23",NA,NA,"H",NA,"",NA,0
"454","29-Jul-18","Experimental","Ex_09","18:25","Coleoptera",1,"H",NA,"",2,1
"455","29-Jul-18","Experimental","Ex_09","20:18",NA,NA,"H",NA,"",2,0
"458","08-Jul-18","Control","Ex_10","13:01","Hemiptera",15,"H",NA,"",NA,15
"461","08-Jul-18","Control","Ex_10","15:02",NA,NA,"H",NA,"",2,0
"464","08-Jul-18","Control","Ex_10","16:50","Coleoptera",2,"H",NA,"",2,2
"467","09-Jul-18","Control","Ex_10","9:04",NA,NA,"H",NA,"",NA,0
"470","09-Jul-18","Control","Ex_10","10:59",NA,NA,"H",NA,"",2,0
"473","09-Jul-18","Control","Ex_10","13:00",NA,NA,"H",NA,"",2,0
"476","09-Jul-18","Control","Ex_10","17:06",NA,NA,"H",NA,"",NA,0
"479","09-Jul-18","Control","Ex_10","19:10",NA,NA,"H",NA,"",2,0
"482","09-Jul-18","Control","Ex_10","21:10",NA,NA,"H",NA,"",2,0
"485","10-Jul-18","Control","Ex_10","5:01",NA,NA,"H",NA,"",NA,0
"488","10-Jul-18","Control","Ex_10","6:55",NA,NA,"H",NA,"",2,0
"491","10-Jul-18","Control","Ex_10","8:50",NA,NA,"H",NA,"",2,0
"494","11-Jul-18","Control","Ex_10","21:08",NA,NA,"H",NA,"",NA,0
"497","11-Jul-18","Control","Ex_10","23:00",NA,NA,"H",NA,"",2,0
"498","25-Jul-18","Experimental","Ex_10","13:20",NA,NA,"H",NA,"",NA,0
"499","25-Jul-18","Experimental","Ex_10","14:55","Diptera",2,"H",NA,"",2,2
"500","25-Jul-18","Experimental","Ex_10","16:48",NA,NA,"H",NA,"",2,0
"501","28-Jul-18","Experimental","Ex_10","9:05",NA,NA,"H",NA,"",NA,0
"502","28-Jul-18","Experimental","Ex_10","10:50",NA,NA,"H",NA,"",2,0
"503","28-Jul-18","Experimental","Ex_10","12:46",NA,NA,"H",NA,"",2,0
"504","28-Jul-18","Experimental","Ex_10","20:52",NA,NA,"H",NA,"",NA,0
"505","28-Jul-18","Experimental","Ex_10","22:50",NA,NA,"H",NA,"",2,0
"506","29-Jul-18","Experimental","Ex_10","0:50",NA,NA,"H",NA,"",2,0
"507","29-Jul-18","Experimental","Ex_10","16:48",NA,NA,"H",NA,"",NA,0
"508","29-Jul-18","Experimental","Ex_10","18:50",NA,NA,"H",NA,"",2,0
"509","29-Jul-18","Experimental","Ex_10","20:38",NA,NA,"H",NA,"",2,0
"513","08-Jul-18","Control","Ex_11","13:14","Coleoptera",10,"H",NA,"",NA,10
"516","08-Jul-18","Control","Ex_11","15:13",NA,NA,"H",NA,"",2,0
"519","08-Jul-18","Control","Ex_11","16:59","Spider",3,"H",NA,"",2,3
"522","09-Jul-18","Control","Ex_11","9:16",NA,NA,"H",NA,"",NA,0
"525","09-Jul-18","Control","Ex_11","11:10",NA,NA,"H",NA,"",2,0
"528","09-Jul-18","Control","Ex_11","13:10",NA,NA,"H",NA,"",2,0
"531","09-Jul-18","Control","Ex_11","15:57",NA,NA,"H",NA,"",NA,0
"534","09-Jul-18","Control","Ex_11","17:57",NA,NA,"H",NA,"",2,0
"537","09-Jul-18","Control","Ex_11","19:57",NA,NA,"H",NA,"",2,0
"540","10-Jul-18","Control","Ex_11","3:55",NA,NA,"H",NA,"",NA,0
"543","10-Jul-18","Control","Ex_11","5:55",NA,NA,"H",NA,"",2,0
"546","10-Jul-18","Control","Ex_11","7:55","Orthoptera",11,"H",NA,"",2,11
"547","10-Jul-18","Control","Ex_11","7:55","Coleoptera",6,"H",NA,"",2,6
"550","11-Jul-18","Control","Ex_11","19:57",NA,NA,"H",NA,"",NA,0
"553","11-Jul-18","Control","Ex_11","21:59",NA,NA,"H",NA,"",2,0
"556","11-Jul-18","Control","Ex_11","23:57",NA,NA,"H",NA,"",2,0
"557","25-Jul-18","Experimental","Ex_11","11:57",NA,NA,"H",NA,"",NA,0
"558","25-Jul-18","Experimental","Ex_11","14:01",NA,NA,"H",NA,"",2,0
"559","25-Jul-18","Experimental","Ex_11","15:59",NA,NA,"H",NA,"",2,0
"560","28-Jul-18","Experimental","Ex_11","8:01",NA,NA,"H",NA,"",NA,0
"561","28-Jul-18","Experimental","Ex_11","9:59",NA,NA,"H",NA,"",2,0
"562","28-Jul-18","Experimental","Ex_11","11:57",NA,NA,"H",NA,"",2,0
"563","28-Jul-18","Experimental","Ex_11","19:57",NA,NA,"H",NA,"",NA,0
"564","28-Jul-18","Experimental","Ex_11","21:57",NA,NA,"H",NA,"",2,0
"565","29-Jul-18","Experimental","Ex_11","0:00",NA,NA,"H",NA,"",2,0
"566","29-Jul-18","Experimental","Ex_11","15:55",NA,NA,"H",NA,"",NA,0
"567","29-Jul-18","Experimental","Ex_11","17:55",NA,NA,"H",NA,"collected nest",2,0
"568","08-Jul-18","Control","Ex_12","12:19","Coleoptera",2,"H",NA,"",NA,2
"573","08-Jul-18","Control","Ex_12","14:06","Hymenoptera",7,"H",NA,"",2,7
"576","08-Jul-18","Control","Ex_12","15:57","Hymenoptera",11,"H",NA,"",2,11
"579","09-Jul-18","Control","Ex_12","8:04","Orthoptera",30,"H",NA,"",NA,30
"580","09-Jul-18","Control","Ex_12","8:04","Coleoptera",25,"H",NA,"",NA,25
"581","09-Jul-18","Control","Ex_12","8:04","Hymenoptera",3,"H",NA,"",NA,3
"582","09-Jul-18","Control","Ex_12","8:04","Hymenoptera",3,"H",NA,"",NA,3
"583","09-Jul-18","Control","Ex_12","8:04","Hymenoptera",3,"H",NA,"",NA,3
"584","09-Jul-18","Control","Ex_12","8:04","Hymenoptera",3,"H",NA,"",NA,3
"587","09-Jul-18","Control","Ex_12","10:05","Hymenoptera",8,"H",NA,"",2,8
"588","09-Jul-18","Control","Ex_12","10:05","Hymenoptera",6,"H",NA,"",2,6
"591","09-Jul-18","Control","Ex_12","12:05","Coleoptera",10,"H",NA,"",2,10
"592","09-Jul-18","Control","Ex_12","12:05","Hymenoptera",10,"H",NA,"",2,10
"595","09-Jul-18","Control","Ex_12","16:09",NA,NA,"H",NA,"",NA,0
"599","09-Jul-18","Control","Ex_12","18:10",NA,NA,"H",NA,"",2,0
"602","09-Jul-18","Control","Ex_12","20:09",NA,NA,"H",NA,"",2,0
"605","10-Jul-18","Control","Ex_12","4:05",NA,NA,"H",NA,"",NA,0
"608","10-Jul-18","Control","Ex_12","6:05",NA,NA,"H",NA,"",2,0
"611","10-Jul-18","Control","Ex_12","8:05",NA,NA,"H",NA,"",2,0
"614","11-Jul-18","Control","Ex_12","20:10","Coleoptera",12,"H",NA,"",NA,12
"615","11-Jul-18","Control","Ex_12","20:10","Coleoptera",1,"H",NA,"",NA,1
"616","11-Jul-18","Control","Ex_12","20:10","Orthoptera",10,"H",NA,"",NA,10
"617","11-Jul-18","Control","Ex_12","20:10","Hymenoptera",2,"H",NA,"",NA,2
"620","11-Jul-18","Control","Ex_12","22:08","Hymenoptera",2,"H",NA,"",2,2
"621","11-Jul-18","Control","Ex_12","22:08","Orthoptera",10,"H",NA,"",2,10
"624","12-Jul-18","Control","Ex_12","0:06",NA,NA,"H",NA,"",2,0
"625","25-Jul-18","Experimental","Ex_12","12:10","Hymenoptera",13,"H",NA,"",NA,13
"626","25-Jul-18","Experimental","Ex_12","12:10","Hymenoptera",6,"H",NA,"",NA,6
"627","25-Jul-18","Experimental","Ex_12","14:09","Coleoptera",1,"H",NA,"",2,1
"628","25-Jul-18","Experimental","Ex_12","16:06","Hymenoptera",5,"H",NA,"",2,5
"629","28-Jul-18","Experimental","Ex_12","8:13",NA,NA,"H",NA,"",NA,0
"630","28-Jul-18","Experimental","Ex_12","10:08",NA,NA,"H",NA,"",2,0
"631","28-Jul-18","Experimental","Ex_12","12:06",NA,NA,"H",NA,"",2,0
"632","28-Jul-18","Experimental","Ex_12","20:04",NA,NA,"H",NA,"",NA,0
"633","28-Jul-18","Experimental","Ex_12","22:06","Coleoptera",2,"H",NA,"",2,2
"634","29-Jul-18","Experimental","Ex_12","0:07",NA,NA,"H",NA,"",2,0
"635","29-Jul-18","Experimental","Ex_12","16:02","Coleoptera",4,"H",NA,"",NA,4
"636","29-Jul-18","Experimental","Ex_12","18:06",NA,NA,"H",NA,"",2,0
"637","29-Jul-18","Experimental","Ex_12","20:00",NA,NA,"H",NA,"",2,0
"640","10-Jul-18","Control","Ex_06","4:03",NA,NA,"H",NA,"",NA,0
"643","18-Jul-18","Control","Iy_01","7:57","Larva",3,"H",NA,"",NA,3
"644","18-Jul-18","Control","Iy_01","7:57","Larva",3,"H",NA,"",NA,3
"645","18-Jul-18","Control","Iy_01","7:57","Larva",3,"H",NA,"",NA,3
"646","18-Jul-18","Control","Iy_01","7:57","Larva",3,"H",NA,"",NA,3
"649","18-Jul-18","Control","Iy_01","9:55",NA,NA,"H",NA,"",2,0
"652","18-Jul-18","Control","Iy_01","11:55","Diptera",6,"H",NA,"",2,6
"655","18-Jul-18","Control","Iy_01","13:57","Hymenoptera",7,"H",NA,"",2,7
"658","18-Jul-18","Control","Iy_01","15:59",NA,NA,"H",NA,"",2,0
"661","18-Jul-18","Control","Iy_01","20:20",NA,NA,"H",NA,"",NA,0
"666","18-Jul-18","Control","Iy_01","22:06",NA,NA,"H",NA,"",2,0
"669","19-Jul-18","Control","Iy_01","0:01","Coleoptera",2,"H",NA,"",2,2
"672","19-Jul-18","Control","Iy_01","3:55",NA,NA,"H",NA,"",NA,0
"675","19-Jul-18","Control","Iy_01","5:55","Unknown",1,"H",NA,"",2,1
"676","19-Jul-18","Control","Iy_01","5:55","Unknown",1,"H",NA,"",2,1
"677","19-Jul-18","Control","Iy_01","5:55","Coleoptera",3,"H",NA,"",2,3
"680","19-Jul-18","Control","Iy_01","7:56","Unknown",1,"H",NA,"",2,1
"683","19-Jul-18","Control","Iy_01","16:00",NA,NA,"H",NA,"",NA,0
"686","19-Jul-18","Control","Iy_01","17:58",NA,NA,"H",NA,"",2,0
"689","19-Jul-18","Control","Iy_01","20:02","Diptera",6,"H",NA,"",2,6
"690","30-Jul-18","Experimental","Iy_01","8:06",NA,NA,"H",NA,"collected nest",NA,0
"693","18-Jul-18","Control","Iy_02","8:00",NA,NA,"H",NA,"",NA,0
"696","18-Jul-18","Control","Iy_02","9:57",NA,NA,"H",NA,"",2,0
"699","18-Jul-18","Control","Iy_02","11:56",NA,NA,"H",NA,"",2,0
"702","18-Jul-18","Control","Iy_02","14:00",NA,NA,"H",NA,"",2,0
"705","18-Jul-18","Control","Iy_02","16:00",NA,NA,"H",NA,"",2,0
"708","18-Jul-18","Control","Iy_02","20:22","Diptera",12,"H",NA,"",2,12
"713","18-Jul-18","Control","Iy_02","22:08","Coleoptera",1,"H",NA,"",2,1
"716","19-Jul-18","Control","Iy_02","0:03",NA,NA,"H",NA,"",2,0
"719","19-Jul-18","Control","Iy_02","3:59",NA,NA,"H",NA,"",NA,0
"722","19-Jul-18","Control","Iy_02","5:57",NA,NA,"H",NA,"",2,0
"725","19-Jul-18","Control","Iy_02","7:58",NA,NA,"H",NA,"",2,0
"728","19-Jul-18","Control","Iy_02","16:02",NA,NA,"H",NA,"",NA,0
"731","19-Jul-18","Control","Iy_02","18:00",NA,NA,"H",NA,"",2,0
"734","19-Jul-18","Control","Iy_02","20:04",NA,NA,"H",NA,"",2,0
"735","30-Jul-18","Experimental","Iy_02","8:10",NA,NA,"H",NA,"",NA,0
"736","30-Jul-18","Experimental","Iy_02","9:57",NA,NA,"H",NA,"",2,0
"737","30-Jul-18","Experimental","Iy_02","11:57",NA,NA,"H",NA,"",2,0
"738","30-Jul-18","Experimental","Iy_02","14:02","Coleoptera",2,"H",NA,"",2,2
"739","30-Jul-18","Experimental","Iy_02","14:02","Diptera",6,"H",NA,"",2,6
"740","30-Jul-18","Experimental","Iy_02","14:02","Diptera",7,"H",NA,"",2,7
"741","30-Jul-18","Experimental","Iy_02","15:57",NA,NA,"H",NA,"",2,0
"742","31-Jul-18","Experimental","Iy_02","15:57",NA,NA,"H",NA,"",NA,0
"743","31-Jul-18","Experimental","Iy_02","18:04",NA,NA,"H",NA,"",2,0
"744","31-Jul-18","Experimental","Iy_02","20:05",NA,NA,"H",NA,"",2,0
"745","31-Jul-18","Experimental","Iy_02","21:58",NA,NA,"H",NA,"",2,0
"746","31-Jul-18","Experimental","Iy_02","23:51",NA,NA,"H",NA,"",2,0
"749","18-Jul-18","Control","Iy_03","8:01",NA,NA,"H",NA,"",NA,0
"752","18-Jul-18","Control","Iy_03","9:58",NA,NA,"H",NA,"",2,0
"755","18-Jul-18","Control","Iy_03","11:59",NA,NA,"H",NA,"",2,0
"758","18-Jul-18","Control","Iy_03","14:01",NA,NA,"H",NA,"",2,0
"761","18-Jul-18","Control","Iy_03","16:02",NA,NA,"H",NA,"",2,0
"764","18-Jul-18","Control","Iy_03","20:24",NA,NA,"H",NA,"",NA,0
"767","18-Jul-18","Control","Iy_03","22:10",NA,NA,"H",NA,"",2,0
"770","19-Jul-18","Control","Iy_03","0:05",NA,NA,"H",NA,"",2,0
"773","19-Jul-18","Control","Iy_03","4:00",NA,NA,"H",NA,"",NA,0
"776","19-Jul-18","Control","Iy_03","5:58",NA,NA,"H",NA,"",2,0
"779","19-Jul-18","Control","Iy_03","7:59",NA,NA,"H",NA,"",2,0
"782","19-Jul-18","Control","Iy_03","16:03",NA,NA,"H",NA,"",NA,0
"785","19-Jul-18","Control","Iy_03","18:01",NA,NA,"H",NA,"parasitized spider",2,0
"788","19-Jul-18","Control","Iy_03","20:06","Coleoptera",2,"H",NA,"",2,2
"789","19-Jul-18","Control","Iy_03","20:06","Larva",18,"H",NA,"",2,18
"792","18-Jul-18","Control","Iy_05","8:06",NA,NA,"H",NA,"",NA,0
"795","18-Jul-18","Control","Iy_05","10:00","Hemiptera",12,"H",NA,"",2,12
"798","18-Jul-18","Control","Iy_05","12:04",NA,NA,"H",NA,"",2,0
"801","18-Jul-18","Control","Iy_05","14:05",NA,NA,"H",NA,"",2,0
"804","18-Jul-18","Control","Iy_05","16:07",NA,NA,"H",NA,"",2,0
"807","18-Jul-18","Control","Iy_05","20:28","Coleoptera",11,"H",NA,"",NA,11
"810","18-Jul-18","Control","Iy_05","22:13",NA,NA,"H",NA,"",2,0
"813","19-Jul-18","Control","Iy_05","0:08",NA,NA,"H",NA,"",2,0
"816","19-Jul-18","Control","Iy_05","4:04",NA,NA,"H",NA,"",NA,0
"819","19-Jul-18","Control","Iy_05","6:03",NA,NA,"H",NA,"",2,0
"822","19-Jul-18","Control","Iy_05","8:05",NA,NA,"H",NA,"",2,0
"825","19-Jul-18","Control","Iy_05","16:07",NA,NA,"H",NA,"",NA,0
"828","19-Jul-18","Control","Iy_05","18:05","Diptera",7,"H",NA,"",2,7
"831","19-Jul-18","Control","Iy_05","20:10",NA,NA,"H",NA,"",2,0
"832","30-Jul-18","Experimental","Iy_05","8:23","Diptera",6,"H",NA,"",NA,6
"833","30-Jul-18","Experimental","Iy_05","8:23","Coleoptera",7,"H",NA,"",NA,7
"834","30-Jul-18","Experimental","Iy_05","10:05",NA,NA,"H",NA,"",2,0
"835","30-Jul-18","Experimental","Iy_05","12:01","Unknown",6,"H",NA,"",2,6
"836","30-Jul-18","Experimental","Iy_05","14:08","Coleoptera",18,"H",NA,"",2,18
"837","30-Jul-18","Experimental","Iy_05","16:01","Coleoptera",1,"H",NA,"",2,1
"838","31-Jul-18","Experimental","Iy_05","16:01","Diptera",8,"H",NA,"",NA,8
"839","31-Jul-18","Experimental","Iy_05","18:09","Coleoptera",7,"H",NA,"",2,7
"840","31-Jul-18","Experimental","Iy_05","20:08","Coleoptera",12,"H",NA,"",2,12
"841","31-Jul-18","Experimental","Iy_05","20:08","Hemiptera",6,"H",NA,"",2,6
"842","31-Jul-18","Experimental","Iy_05","20:08","Hemiptera",8,"H",NA,"",2,8
"843","31-Jul-18","Experimental","Iy_05","20:08","Diptera",7,"H",NA,"",2,7
"844","31-Jul-18","Experimental","Iy_05","22:03","Larva",2,"H",NA,"",2,2
"845","31-Jul-18","Experimental","Iy_05","23:53",NA,NA,"H",NA,"",2,0
"848","18-Jul-18","Control","Iy_06","8:08",NA,NA,"H",NA,"",NA,0
"851","18-Jul-18","Control","Iy_06","10:03",NA,NA,"H",NA,"",2,0
"854","18-Jul-18","Control","Iy_06","12:06",NA,NA,"H",NA,"",2,0
"857","18-Jul-18","Control","Iy_06","14:07",NA,NA,"H",NA,"",2,0
"860","18-Jul-18","Control","Iy_06","16:08",NA,NA,"H",NA,"",2,0
"863","18-Jul-18","Control","Iy_06","20:30","Unknown",1,"H",NA,"",NA,1
"866","18-Jul-18","Control","Iy_06","22:14",NA,NA,"H",NA,"",2,0
"869","19-Jul-18","Control","Iy_06","0:09",NA,NA,"H",NA,"",2,0
"872","19-Jul-18","Control","Iy_06","4:06",NA,NA,"H",NA,"",NA,0
"875","19-Jul-18","Control","Iy_06","6:05",NA,NA,"H",NA,"",2,0
"878","19-Jul-18","Control","Iy_06","8:06","Diptera",10,"H",NA,"",2,10
"881","19-Jul-18","Control","Iy_06","16:09",NA,NA,"H",NA,"",NA,0
"884","19-Jul-18","Control","Iy_06","18:06",NA,NA,"H",NA,"",2,0
"887","19-Jul-18","Control","Iy_06","20:12",NA,NA,"H",NA,"",2,0
"888","30-Jul-18","Experimental","Iy_06","8:27",NA,NA,"H",NA,"",NA,0
"889","30-Jul-18","Experimental","Iy_06","10:06",NA,NA,"H",NA,"",2,0
"890","30-Jul-18","Experimental","Iy_06","12:02",NA,NA,"H",NA,"",2,0
"891","30-Jul-18","Experimental","Iy_06","14:09",NA,NA,"H",NA,"",2,0
"892","30-Jul-18","Experimental","Iy_06","16:01",NA,NA,"H",NA,"",2,0
"893","31-Jul-18","Experimental","Iy_06","16:02",NA,NA,"H",NA,"",NA,0
"894","31-Jul-18","Experimental","Iy_06","18:09",NA,NA,"H",NA,"",2,0
"895","31-Jul-18","Experimental","Iy_06","20:10","Unknown",2,"H",NA,"",2,2
"896","31-Jul-18","Experimental","Iy_06","22:04",NA,NA,"H",NA,"",2,0
"897","31-Jul-18","Experimental","Iy_06","23:54",NA,NA,"H",NA,"",2,0
"901","18-Jul-18","Control","Iy_07","8:10","Coleoptera",2,"H",NA,"",NA,2
"902","18-Jul-18","Control","Iy_07","8:10","Hemiptera",5,"H",NA,"",NA,5
"905","18-Jul-18","Control","Iy_07","10:06","Diptera",2,"H",NA,"",2,2
"908","18-Jul-18","Control","Iy_07","12:08","Hymenoptera",7,"H",NA,"",2,7
"911","18-Jul-18","Control","Iy_07","14:10",NA,NA,"H",NA,"",2,0
"914","18-Jul-18","Control","Iy_07","16:09",NA,NA,"H",NA,"",2,0
"917","18-Jul-18","Control","Iy_07","20:31","Coleoptera",7,"H",NA,"",NA,7
"918","18-Jul-18","Control","Iy_07","20:31","Diptera",6,"H",NA,"",NA,6
"919","18-Jul-18","Control","Iy_07","20:31","Coleoptera",3,"H",NA,"",NA,3
"920","18-Jul-18","Control","Iy_07","20:31","Coleoptera",1,"H",NA,"",NA,1
"923","18-Jul-18","Control","Iy_07","22:16","Unknown",1,"H",NA,"",2,1
"926","19-Jul-18","Control","Iy_07","0:10",NA,NA,"H",NA,"",2,0
"929","19-Jul-18","Control","Iy_07","4:07",NA,NA,"H",NA,"",NA,0
"932","19-Jul-18","Control","Iy_07","6:06",NA,NA,"H",NA,"",2,0
"935","19-Jul-18","Control","Iy_07","8:08","Diptera",2,"H",NA,"",2,2
"938","19-Jul-18","Control","Iy_07","16:10",NA,NA,"H",NA,"",NA,0
"941","19-Jul-18","Control","Iy_07","18:07",NA,NA,"H",NA,"",2,0
"944","19-Jul-18","Control","Iy_07","20:13",NA,NA,"H",NA,"",2,0
"945","30-Jul-18","Experimental","Iy_07","8:32","Hymenoptera",9,"H",NA,"",NA,9
"946","30-Jul-18","Experimental","Iy_07","10:08",NA,NA,"H",NA,"",2,0
"947","30-Jul-18","Experimental","Iy_07","12:02","Coleoptera",6,"H",NA,"",2,6
"948","30-Jul-18","Experimental","Iy_07","14:10","Hymenoptera",4,"H",NA,"",2,4
"949","30-Jul-18","Experimental","Iy_07","16:02",NA,NA,"H",NA,"",2,0
"950","31-Jul-18","Experimental","Iy_07","16:03",NA,NA,"H",NA,"",NA,0
"951","31-Jul-18","Experimental","Iy_07","18:10",NA,NA,"H",NA,"",2,0
"952","31-Jul-18","Experimental","Iy_07","20:11",NA,NA,"H",NA,"",2,0
"953","31-Jul-18","Experimental","Iy_07","22:04",NA,NA,"H",NA,"",2,0
"954","31-Jul-18","Experimental","Iy_07","23:55",NA,NA,"H",NA,"",2,0
"957","18-Jul-18","Control","Iy_08","8:14",NA,NA,"H",NA,"",NA,0
"960","18-Jul-18","Control","Iy_08","10:08","Coleoptera",12,"H",NA,"",2,12
"963","18-Jul-18","Control","Iy_08","12:10",NA,NA,"H",NA,"",2,0
"966","18-Jul-18","Control","Iy_08","14:13",NA,NA,"H",NA,"",2,0
"969","18-Jul-18","Control","Iy_08","16:11",NA,NA,"H",NA,"",2,0
"972","18-Jul-18","Control","Iy_08","20:34","Unknown",1,"H",NA,"",NA,1
"975","18-Jul-18","Control","Iy_08","22:18",NA,NA,"H",NA,"",2,0
"978","19-Jul-18","Control","Iy_08","0:12",NA,NA,"H",NA,"",2,0
"981","19-Jul-18","Control","Iy_08","4:09",NA,NA,"H",NA,"",NA,0
"984","19-Jul-18","Control","Iy_08","6:07",NA,NA,"H",NA,"",2,0
"987","19-Jul-18","Control","Iy_08","8:10","Coleoptera",6,"H",NA,"",2,6
"990","19-Jul-18","Control","Iy_08","16:11","Hymenoptera",7,"H",NA,"",NA,7
"991","19-Jul-18","Control","Iy_08","16:11","Diptera",9,"H",NA,"",NA,9
"992","19-Jul-18","Control","Iy_08","16:11","Hymenoptera",12,"H",NA,"",NA,12
"995","19-Jul-18","Control","Iy_08","18:09",NA,NA,"H",NA,"",2,0
"998","19-Jul-18","Control","Iy_08","20:15",NA,NA,"H",NA,"",2,0
"999","30-Jul-18","Experimental","Iy_08","8:38",NA,NA,"H",NA,"",NA,0
"1000","30-Jul-18","Experimental","Iy_08","10:09",NA,NA,"H",NA,"",2,0
"1001","30-Jul-18","Experimental","Iy_08","12:03",NA,NA,"H",NA,"",2,0
"1002","30-Jul-18","Experimental","Iy_08","14:11",NA,NA,"H",NA,"",2,0
"1003","30-Jul-18","Experimental","Iy_08","16:03",NA,NA,"H",NA,"",2,0
"1004","31-Jul-18","Experimental","Iy_08","16:04","Coleoptera",2,"H",NA,"",NA,2
"1005","31-Jul-18","Experimental","Iy_08","18:11",NA,NA,"H",NA,"",2,0
"1006","31-Jul-18","Experimental","Iy_08","20:12","Lepidoptera",12,"H",NA,"",2,12
"1007","31-Jul-18","Experimental","Iy_08","22:05","Larva",3,"H",NA,"",2,3
"1008","31-Jul-18","Experimental","Iy_08","23:56",NA,NA,"H",NA,"",2,0
"1011","18-Jul-18","Control","Iy_11","8:20","Coleoptera",11,"H",NA,"Nest partially destroyed",NA,11
"1014","18-Jul-18","Control","Iy_11","10:10","Coleoptera",3,"H",NA,"",2,3
"1015","18-Jul-18","Control","Iy_11","10:10","Coleoptera",7,"H",NA,"",2,7
"1016","18-Jul-18","Control","Iy_11","10:10","Coleoptera",7,"H",NA,"",2,7
"1019","18-Jul-18","Control","Iy_11","12:13",NA,NA,"H",NA,"",2,0
"1022","18-Jul-18","Control","Iy_11","14:16","Hymenoptera",4,"H",NA,"",2,4
"1025","18-Jul-18","Control","Iy_11","16:13","Coleoptera",4,"H",NA,"",2,4
"1026","18-Jul-18","Control","Iy_11","16:13","Coleoptera",5,"H",NA,"",2,5
"1030","18-Jul-18","Control","Iy_11","20:36",NA,NA,"H",NA,"",NA,0
"1033","18-Jul-18","Control","Iy_11","22:19",NA,NA,"H",NA,"",2,0
"1036","19-Jul-18","Control","Iy_11","0:15",NA,NA,"H",NA,"",2,0
"1039","19-Jul-18","Control","Iy_11","4:10",NA,NA,"H",NA,"",NA,0
"1042","19-Jul-18","Control","Iy_11","6:09",NA,NA,"H",NA,"",2,0
"1045","19-Jul-18","Control","Iy_11","8:12",NA,NA,"H",NA,"",2,0
"1048","19-Jul-18","Control","Iy_11","16:15",NA,NA,"H",NA,"",NA,0
"1050","19-Jul-18","Control","Iy_11","18:10",NA,NA,"H",4,"",2,0
"1051","19-Jul-18","Control","Iy_11","18:10","Coleoptera",2,"H",NA,"",2,2
"1052","19-Jul-18","Control","Iy_11","18:10","Coleoptera",11,"H",NA,"",2,11
"1055","19-Jul-18","Control","Iy_11","20:16",NA,NA,"H",NA,"",2,0
"1056","30-Jul-18","Experimental","Iy_11","8:51","Orthoptera",50,"H",NA,"",NA,50
"1057","30-Jul-18","Experimental","Iy_11","8:51","Coleoptera",9,"H",NA,"",NA,9
"1058","30-Jul-18","Experimental","Iy_11","8:51","Coleoptera",8,"H",NA,"",NA,8
"1059","30-Jul-18","Experimental","Iy_11","8:51","Coleoptera",15,"H",NA,"",NA,15
"1060","30-Jul-18","Experimental","Iy_11","10:11","Coleoptera",15,"H",NA,"",2,15
"1061","30-Jul-18","Experimental","Iy_11","12:04",NA,NA,"H",NA,"",2,0
"1062","30-Jul-18","Experimental","Iy_11","14:12",NA,NA,"H",NA,"",2,0
"1063","30-Jul-18","Experimental","Iy_11","16:05","Diptera",4,"H",NA,"",2,4
"1064","30-Jul-18","Experimental","Iy_11","16:05","Hemiptera",11,"H",NA,"",NA,11
"1065","30-Jul-18","Experimental","Iy_11","16:05","Coleoptera",23,"H",NA,"",NA,23
"1066","30-Jul-18","Experimental","Iy_11","16:05","Coleoptera",8,"H",NA,"",NA,8
"1067","31-Jul-18","Experimental","Iy_11","16:06","Coleoptera",8,"H",NA,"",NA,8
"1068","31-Jul-18","Experimental","Iy_11","16:06","Unknown",2,"H",NA,"",NA,2
"1069","31-Jul-18","Experimental","Iy_11","16:06","Coleoptera",10,"H",NA,"",NA,10
"1070","31-Jul-18","Experimental","Iy_11","18:12","Orthoptera",17,"H",NA,"",2,17
"1071","31-Jul-18","Experimental","Iy_11","18:12","Hemiptera",10,"H",NA,"",2,10
"1072","31-Jul-18","Experimental","Iy_11","18:12","Coleoptera",2,"H",NA,"",2,2
"1073","31-Jul-18","Experimental","Iy_11","20:14","Diptera",3,"H",NA,"",2,3
"1074","31-Jul-18","Experimental","Iy_11","20:14","Coleoptera",2,"H",NA,"",2,2
"1075","31-Jul-18","Experimental","Iy_11","20:14","Larva",2,"H",NA,"",2,2
"1076","31-Jul-18","Experimental","Iy_11","20:14","Unknown",5,"H",NA,"",2,5
"1077","31-Jul-18","Experimental","Iy_11","22:08","Hemiptera",3,"H",NA,"",2,3
"1078","31-Jul-18","Experimental","Iy_11","22:08","Unknown",2,"H",NA,"",2,2
"1079","31-Jul-18","Experimental","Iy_11","23:57",NA,NA,"H",NA,"",2,0
